lab,ref_name,dis_name,mos,trc,codec,ref_width,ref_height,ref_bits,dis_width,dis_height,dis_bits,display_model,cvvdp,result_source
HW,Chimera2_1000nit.mp4,Chimera2_1000nit_AVS3_r2.mp4,4.593393407662604,PQ,AVS,3840,2160,10,3840,2160,10,avs_hdr_set2_pq,9.33316421508789,/mnt/bn/public-vqa1/wangjiayi/hdr-vqa-outputs/zjuhdr_lab_cvvdp_display_models/ZJUHDR_HW_ColorVideoVDP.csv
HW,Chimera2_1000nit.mp4,Chimera2_1000nit_AVS3_r4.mp4,3.62071614074934,PQ,AVS,3840,2160,10,3840,2160,10,avs_hdr_set2_pq,8.209485054016113,/mnt/bn/public-vqa1/wangjiayi/hdr-vqa-outputs/zjuhdr_lab_cvvdp_display_models/ZJUHDR_HW_ColorVideoVDP.csv
HW,Chimera2_1000nit.mp4,Chimera2_1000nit_EEM_r4.mp4,1.269687309163962,PQ,EEM,3840,2160,10,3840,2160,10,avs_hdr_set2_pq,5.994511604309082,/mnt/bn/public-vqa1/wangjiayi/hdr-vqa-outputs/zjuhdr_lab_cvvdp_display_models/ZJUHDR_HW_ColorVideoVDP.csv
HW,Chimera2_1000nit.mp4,Chimera2_1000nit_LTM_r1.mp4,4.765578660903351,PQ,LTM,3840,2160,10,3840,2160,10,avs_hdr_set2_pq,9.542677879333496,/mnt/bn/public-vqa1/wangjiayi/hdr-vqa-outputs/zjuhdr_lab_cvvdp_display_models/ZJUHDR_HW_ColorVideoVDP.csv
HW,Chimera2_1000nit.mp4,Chimera2_1000nit_LTM_r2.mp4,4.671918085048045,PQ,LTM,3840,2160,10,3840,2160,10,avs_hdr_set2_pq,9.215641021728516,/mnt/bn/public-vqa1/wangjiayi/hdr-vqa-outputs/zjuhdr_lab_cvvdp_display_models/ZJUHDR_HW_ColorVideoVDP.csv
HW,Chimera2_1000nit.mp4,Chimera2_1000nit_LTM_r3.mp4,3.983092589649742,PQ,LTM,3840,2160,10,3840,2160,10,avs_hdr_set2_pq,8.425528526306152,/mnt/bn/public-vqa1/wangjiayi/hdr-vqa-outputs/zjuhdr_lab_cvvdp_display_models/ZJUHDR_HW_ColorVideoVDP.csv
HW,Chimera2_1000nit.mp4,Chimera2_1000nit_LTM_r4.mp4,2.338639364647121,PQ,LTM,3840,2160,10,3840,2160,10,avs_hdr_set2_pq,7.149649620056152,/mnt/bn/public-vqa1/wangjiayi/hdr-vqa-outputs/zjuhdr_lab_cvvdp_display_models/ZJUHDR_HW_ColorVideoVDP.csv
HW,Chimera2_1000nit.mp4,Chimera2_1000nit_VTM_r2.mp4,4.185235160548428,PQ,VTM,3840,2160,10,3840,2160,10,avs_hdr_set2_pq,8.779569625854492,/mnt/bn/public-vqa1/wangjiayi/hdr-vqa-outputs/zjuhdr_lab_cvvdp_display_models/ZJUHDR_HW_ColorVideoVDP.csv
HW,Chimera2_1000nit.mp4,Chimera2_1000nit_VTM_r3.mp4,2.250256533651239,PQ,VTM,3840,2160,10,3840,2160,10,avs_hdr_set2_pq,6.806463241577148,/mnt/bn/public-vqa1/wangjiayi/hdr-vqa-outputs/zjuhdr_lab_cvvdp_display_models/ZJUHDR_HW_ColorVideoVDP.csv
HW,Chimera3_1000nit.mp4,Chimera3_1000nit_AVS3_r3.mp4,4.388261258228634,PQ,AVS,3840,2160,10,3840,2160,10,avs_hdr_set2_pq,7.281310558319092,/mnt/bn/public-vqa1/wangjiayi/hdr-vqa-outputs/zjuhdr_lab_cvvdp_display_models/ZJUHDR_HW_ColorVideoVDP.csv
HW,Chimera3_1000nit.mp4,Chimera3_1000nit_EEM_r4.mp4,1.283091712123169,PQ,EEM,3840,2160,10,3840,2160,10,avs_hdr_set2_pq,3.802792549133301,/mnt/bn/public-vqa1/wangjiayi/hdr-vqa-outputs/zjuhdr_lab_cvvdp_display_models/ZJUHDR_HW_ColorVideoVDP.csv
HW,Chimera3_1000nit.mp4,Chimera3_1000nit_LTM_r1.mp4,4.813616596603726,PQ,LTM,3840,2160,10,3840,2160,10,avs_hdr_set2_pq,9.346732139587402,/mnt/bn/public-vqa1/wangjiayi/hdr-vqa-outputs/zjuhdr_lab_cvvdp_display_models/ZJUHDR_HW_ColorVideoVDP.csv
HW,Chimera3_1000nit.mp4,Chimera3_1000nit_NNVC_r1.mp4,4.78950693888762,PQ,NNVC,3840,2160,10,3840,2160,10,avs_hdr_set2_pq,9.827528953552246,/mnt/bn/public-vqa1/wangjiayi/hdr-vqa-outputs/zjuhdr_lab_cvvdp_display_models/ZJUHDR_HW_ColorVideoVDP.csv
HW,Chimera3_1000nit.mp4,Chimera3_1000nit_NNVC_r2.mp4,4.8333595774,PQ,NNVC,3840,2160,10,3840,2160,10,avs_hdr_set2_pq,8.4476900100708,/mnt/bn/public-vqa1/wangjiayi/hdr-vqa-outputs/zjuhdr_lab_cvvdp_display_models/ZJUHDR_HW_ColorVideoVDP.csv
HW,Chimera3_1000nit.mp4,Chimera3_1000nit_NNVC_r3.mp4,4.165942920350777,PQ,NNVC,3840,2160,10,3840,2160,10,avs_hdr_set2_pq,7.095898628234863,/mnt/bn/public-vqa1/wangjiayi/hdr-vqa-outputs/zjuhdr_lab_cvvdp_display_models/ZJUHDR_HW_ColorVideoVDP.csv
HW,Chimera3_1000nit.mp4,Chimera3_1000nit_VTM_r1.mp4,4.775402975347525,PQ,VTM,3840,2160,10,3840,2160,10,avs_hdr_set2_pq,8.533980369567871,/mnt/bn/public-vqa1/wangjiayi/hdr-vqa-outputs/zjuhdr_lab_cvvdp_display_models/ZJUHDR_HW_ColorVideoVDP.csv
HW,Chimera4_1000nit.mp4,Chimera4_1000nit_AVS3_r1.mp4,4.468489337965403,PQ,AVS,3840,2160,10,3840,2160,10,avs_hdr_set2_pq,9.57577896118164,/mnt/bn/public-vqa1/wangjiayi/hdr-vqa-outputs/zjuhdr_lab_cvvdp_display_models/ZJUHDR_HW_ColorVideoVDP.csv
HW,Chimera4_1000nit.mp4,Chimera4_1000nit_AVS3_r2.mp4,4.372680845967329,PQ,AVS,3840,2160,10,3840,2160,10,avs_hdr_set2_pq,9.35543727874756,/mnt/bn/public-vqa1/wangjiayi/hdr-vqa-outputs/zjuhdr_lab_cvvdp_display_models/ZJUHDR_HW_ColorVideoVDP.csv
HW,Chimera4_1000nit.mp4,Chimera4_1000nit_AVS3_r4.mp4,3.515513008494889,PQ,AVS,3840,2160,10,3840,2160,10,avs_hdr_set2_pq,7.873081207275391,/mnt/bn/public-vqa1/wangjiayi/hdr-vqa-outputs/zjuhdr_lab_cvvdp_display_models/ZJUHDR_HW_ColorVideoVDP.csv
HW,Chimera4_1000nit.mp4,Chimera4_1000nit_AlphaVC-P_r4.mp4,1.698961665332682,PQ,AlphaVC-P,3840,2160,10,3840,2160,10,avs_hdr_set2_pq,5.663576602935791,/mnt/bn/public-vqa1/wangjiayi/hdr-vqa-outputs/zjuhdr_lab_cvvdp_display_models/ZJUHDR_HW_ColorVideoVDP.csv
HW,Chimera4_1000nit.mp4,Chimera4_1000nit_LTM_r1.mp4,4.609652234208924,PQ,LTM,3840,2160,10,3840,2160,10,avs_hdr_set2_pq,9.581026077270508,/mnt/bn/public-vqa1/wangjiayi/hdr-vqa-outputs/zjuhdr_lab_cvvdp_display_models/ZJUHDR_HW_ColorVideoVDP.csv
HW,Chimera4_1000nit.mp4,Chimera4_1000nit_NNVC_r3.mp4,4.297446056729266,PQ,NNVC,3840,2160,10,3840,2160,10,avs_hdr_set2_pq,8.868670463562012,/mnt/bn/public-vqa1/wangjiayi/hdr-vqa-outputs/zjuhdr_lab_cvvdp_display_models/ZJUHDR_HW_ColorVideoVDP.csv
HW,Chimera4_1000nit.mp4,Chimera4_1000nit_VTM_r2.mp4,3.377793151157771,PQ,VTM,3840,2160,10,3840,2160,10,avs_hdr_set2_pq,7.432283401489258,/mnt/bn/public-vqa1/wangjiayi/hdr-vqa-outputs/zjuhdr_lab_cvvdp_display_models/ZJUHDR_HW_ColorVideoVDP.csv
HW,Chimera4_1000nit.mp4,Chimera4_1000nit_VTM_r3.mp4,2.003779026831832,PQ,VTM,3840,2160,10,3840,2160,10,avs_hdr_set2_pq,5.922740459442139,/mnt/bn/public-vqa1/wangjiayi/hdr-vqa-outputs/zjuhdr_lab_cvvdp_display_models/ZJUHDR_HW_ColorVideoVDP.csv
HW,Chimera4_1000nit.mp4,Chimera4_1000nit_VTM_r4.mp4,1.043588365018539,PQ,VTM,3840,2160,10,3840,2160,10,avs_hdr_set2_pq,4.434306621551514,/mnt/bn/public-vqa1/wangjiayi/hdr-vqa-outputs/zjuhdr_lab_cvvdp_display_models/ZJUHDR_HW_ColorVideoVDP.csv
HW,Football1_1000nit.mp4,Football1_1000nit_AlphaVC-P_r2.mp4,4.453159045799485,PQ,AlphaVC-P,3840,2160,10,3840,2160,10,avs_hdr_set2_pq,9.087447166442873,/mnt/bn/public-vqa1/wangjiayi/hdr-vqa-outputs/zjuhdr_lab_cvvdp_display_models/ZJUHDR_HW_ColorVideoVDP.csv
HW,Football1_1000nit.mp4,Football1_1000nit_EEM_r3.mp4,2.361848053856991,PQ,EEM,3840,2160,10,3840,2160,10,avs_hdr_set2_pq,7.531693458557129,/mnt/bn/public-vqa1/wangjiayi/hdr-vqa-outputs/zjuhdr_lab_cvvdp_display_models/ZJUHDR_HW_ColorVideoVDP.csv
HW,Football1_1000nit.mp4,Football1_1000nit_VTM_r2.mp4,3.956091269288371,PQ,VTM,3840,2160,10,3840,2160,10,avs_hdr_set2_pq,8.719514846801758,/mnt/bn/public-vqa1/wangjiayi/hdr-vqa-outputs/zjuhdr_lab_cvvdp_display_models/ZJUHDR_HW_ColorVideoVDP.csv
HW,Nocturne1_1000nit.mp4,Nocturne1_1000nit_AVS3_r1.mp4,4.418258314224944,PQ,AVS,3840,2160,10,3840,2160,10,avs_hdr_set2_pq,9.72104835510254,/mnt/bn/public-vqa1/wangjiayi/hdr-vqa-outputs/zjuhdr_lab_cvvdp_display_models/ZJUHDR_HW_ColorVideoVDP.csv
HW,Nocturne1_1000nit.mp4,Nocturne1_1000nit_AVS3_r2.mp4,4.715151998271486,PQ,AVS,3840,2160,10,3840,2160,10,avs_hdr_set2_pq,9.627427101135254,/mnt/bn/public-vqa1/wangjiayi/hdr-vqa-outputs/zjuhdr_lab_cvvdp_display_models/ZJUHDR_HW_ColorVideoVDP.csv
HW,Nocturne1_1000nit.mp4,Nocturne1_1000nit_AVS3_r3.mp4,4.632227431612488,PQ,AVS,3840,2160,10,3840,2160,10,avs_hdr_set2_pq,9.498920440673828,/mnt/bn/public-vqa1/wangjiayi/hdr-vqa-outputs/zjuhdr_lab_cvvdp_display_models/ZJUHDR_HW_ColorVideoVDP.csv
HW,Nocturne1_1000nit.mp4,Nocturne1_1000nit_AlphaVC-P_r3.mp4,4.181414946876306,PQ,AlphaVC-P,3840,2160,10,3840,2160,10,avs_hdr_set2_pq,9.299050331115724,/mnt/bn/public-vqa1/wangjiayi/hdr-vqa-outputs/zjuhdr_lab_cvvdp_display_models/ZJUHDR_HW_ColorVideoVDP.csv
HW,Nocturne1_1000nit.mp4,Nocturne1_1000nit_AlphaVC-P_r4.mp4,3.250915896505421,PQ,AlphaVC-P,3840,2160,10,3840,2160,10,avs_hdr_set2_pq,8.793079376220703,/mnt/bn/public-vqa1/wangjiayi/hdr-vqa-outputs/zjuhdr_lab_cvvdp_display_models/ZJUHDR_HW_ColorVideoVDP.csv
HW,Nocturne1_1000nit.mp4,Nocturne1_1000nit_EEM_r2.mp4,3.594694583723232,PQ,EEM,3840,2160,10,3840,2160,10,avs_hdr_set2_pq,9.138550758361816,/mnt/bn/public-vqa1/wangjiayi/hdr-vqa-outputs/zjuhdr_lab_cvvdp_display_models/ZJUHDR_HW_ColorVideoVDP.csv
HW,Nocturne1_1000nit.mp4,Nocturne1_1000nit_LTM_r2.mp4,4.309753698724647,PQ,LTM,3840,2160,10,3840,2160,10,avs_hdr_set2_pq,9.164766311645508,/mnt/bn/public-vqa1/wangjiayi/hdr-vqa-outputs/zjuhdr_lab_cvvdp_display_models/ZJUHDR_HW_ColorVideoVDP.csv
HW,Nocturne1_1000nit.mp4,Nocturne1_1000nit_NNVC_r1.mp4,4.569322329839243,PQ,NNVC,3840,2160,10,3840,2160,10,avs_hdr_set2_pq,9.90950870513916,/mnt/bn/public-vqa1/wangjiayi/hdr-vqa-outputs/zjuhdr_lab_cvvdp_display_models/ZJUHDR_HW_ColorVideoVDP.csv
HW,Nocturne1_1000nit.mp4,Nocturne1_1000nit_NNVC_r2.mp4,4.723154662946912,PQ,NNVC,3840,2160,10,3840,2160,10,avs_hdr_set2_pq,9.69679355621338,/mnt/bn/public-vqa1/wangjiayi/hdr-vqa-outputs/zjuhdr_lab_cvvdp_display_models/ZJUHDR_HW_ColorVideoVDP.csv
HW,Smithy1_1000nit.mp4,Smithy1_1000nit_AVS3_r1.mp4,4.959314703638917,PQ,AVS,3840,2160,10,3840,2160,10,avs_hdr_set2_pq,9.492133140563965,/mnt/bn/public-vqa1/wangjiayi/hdr-vqa-outputs/zjuhdr_lab_cvvdp_display_models/ZJUHDR_HW_ColorVideoVDP.csv
HW,Smithy1_1000nit.mp4,Smithy1_1000nit_AVS3_r2.mp4,4.980990464941898,PQ,AVS,3840,2160,10,3840,2160,10,avs_hdr_set2_pq,9.132830619812012,/mnt/bn/public-vqa1/wangjiayi/hdr-vqa-outputs/zjuhdr_lab_cvvdp_display_models/ZJUHDR_HW_ColorVideoVDP.csv
HW,Smithy1_1000nit.mp4,Smithy1_1000nit_AVS3_r4.mp4,4.061642496651477,PQ,AVS,3840,2160,10,3840,2160,10,avs_hdr_set2_pq,7.0609283447265625,/mnt/bn/public-vqa1/wangjiayi/hdr-vqa-outputs/zjuhdr_lab_cvvdp_display_models/ZJUHDR_HW_ColorVideoVDP.csv
HW,Smithy1_1000nit.mp4,Smithy1_1000nit_EEM_r4.mp4,2.745724185711788,PQ,EEM,3840,2160,10,3840,2160,10,avs_hdr_set2_pq,4.100033283233643,/mnt/bn/public-vqa1/wangjiayi/hdr-vqa-outputs/zjuhdr_lab_cvvdp_display_models/ZJUHDR_HW_ColorVideoVDP.csv
HW,Smithy1_1000nit.mp4,Smithy1_1000nit_LTM_r3.mp4,3.115513821644885,PQ,LTM,3840,2160,10,3840,2160,10,avs_hdr_set2_pq,5.461558818817139,/mnt/bn/public-vqa1/wangjiayi/hdr-vqa-outputs/zjuhdr_lab_cvvdp_display_models/ZJUHDR_HW_ColorVideoVDP.csv
HW,Smithy1_1000nit.mp4,Smithy1_1000nit_LTM_r4.mp4,2.181815316729373,PQ,LTM,3840,2160,10,3840,2160,10,avs_hdr_set2_pq,4.478801727294922,/mnt/bn/public-vqa1/wangjiayi/hdr-vqa-outputs/zjuhdr_lab_cvvdp_display_models/ZJUHDR_HW_ColorVideoVDP.csv
HW,Smithy1_1000nit.mp4,Smithy1_1000nit_NNVC_r1.mp4,4.9023839087765,PQ,NNVC,3840,2160,10,3840,2160,10,avs_hdr_set2_pq,9.86466121673584,/mnt/bn/public-vqa1/wangjiayi/hdr-vqa-outputs/zjuhdr_lab_cvvdp_display_models/ZJUHDR_HW_ColorVideoVDP.csv
HW,Smithy1_1000nit.mp4,Smithy1_1000nit_VTM_r2.mp4,3.899776472376681,PQ,VTM,3840,2160,10,3840,2160,10,avs_hdr_set2_pq,6.737534999847412,/mnt/bn/public-vqa1/wangjiayi/hdr-vqa-outputs/zjuhdr_lab_cvvdp_display_models/ZJUHDR_HW_ColorVideoVDP.csv
HW,Smithy1_1000nit.mp4,Smithy1_1000nit_VTM_r3.mp4,2.894614643216562,PQ,VTM,3840,2160,10,3840,2160,10,avs_hdr_set2_pq,5.086771965026856,/mnt/bn/public-vqa1/wangjiayi/hdr-vqa-outputs/zjuhdr_lab_cvvdp_display_models/ZJUHDR_HW_ColorVideoVDP.csv
HW,Smithy1_1000nit.mp4,Smithy1_1000nit_VTM_r4.mp4,1.480206252289245,PQ,VTM,3840,2160,10,3840,2160,10,avs_hdr_set2_pq,3.391925811767578,/mnt/bn/public-vqa1/wangjiayi/hdr-vqa-outputs/zjuhdr_lab_cvvdp_display_models/ZJUHDR_HW_ColorVideoVDP.csv
HW,Sparks2_1000nit.mp4,Sparks2_1000nit_AlphaVC-P_r3.mp4,3.41173218113351,PQ,AlphaVC-P,3840,2160,10,3840,2160,10,avs_hdr_set2_pq,7.922293663024902,/mnt/bn/public-vqa1/wangjiayi/hdr-vqa-outputs/zjuhdr_lab_cvvdp_display_models/ZJUHDR_HW_ColorVideoVDP.csv
HW,Sparks2_1000nit.mp4,Sparks2_1000nit_AlphaVC-P_r4.mp4,2.340249469640445,PQ,AlphaVC-P,3840,2160,10,3840,2160,10,avs_hdr_set2_pq,6.711760520935059,/mnt/bn/public-vqa1/wangjiayi/hdr-vqa-outputs/zjuhdr_lab_cvvdp_display_models/ZJUHDR_HW_ColorVideoVDP.csv
HW,Sparks2_1000nit.mp4,Sparks2_1000nit_EEM_r1.mp4,4.346934256989742,PQ,EEM,3840,2160,10,3840,2160,10,avs_hdr_set2_pq,8.79101848602295,/mnt/bn/public-vqa1/wangjiayi/hdr-vqa-outputs/zjuhdr_lab_cvvdp_display_models/ZJUHDR_HW_ColorVideoVDP.csv
HW,Sparks2_1000nit.mp4,Sparks2_1000nit_EEM_r2.mp4,3.567532563688243,PQ,EEM,3840,2160,10,3840,2160,10,avs_hdr_set2_pq,7.801902294158935,/mnt/bn/public-vqa1/wangjiayi/hdr-vqa-outputs/zjuhdr_lab_cvvdp_display_models/ZJUHDR_HW_ColorVideoVDP.csv
HW,Sparks2_1000nit.mp4,Sparks2_1000nit_EEM_r4.mp4,1.784373478263429,PQ,EEM,3840,2160,10,3840,2160,10,avs_hdr_set2_pq,5.799718379974365,/mnt/bn/public-vqa1/wangjiayi/hdr-vqa-outputs/zjuhdr_lab_cvvdp_display_models/ZJUHDR_HW_ColorVideoVDP.csv
HW,Sparks2_1000nit.mp4,Sparks2_1000nit_LTM_r1.mp4,4.718987550754659,PQ,LTM,3840,2160,10,3840,2160,10,avs_hdr_set2_pq,9.561949729919434,/mnt/bn/public-vqa1/wangjiayi/hdr-vqa-outputs/zjuhdr_lab_cvvdp_display_models/ZJUHDR_HW_ColorVideoVDP.csv
HW,Sparks2_1000nit.mp4,Sparks2_1000nit_NNVC_r1.mp4,4.832599568597566,PQ,NNVC,3840,2160,10,3840,2160,10,avs_hdr_set2_pq,9.859593391418455,/mnt/bn/public-vqa1/wangjiayi/hdr-vqa-outputs/zjuhdr_lab_cvvdp_display_models/ZJUHDR_HW_ColorVideoVDP.csv
HW,Sparks2_1000nit.mp4,Sparks2_1000nit_NNVC_r3.mp4,4.243516011246125,PQ,NNVC,3840,2160,10,3840,2160,10,avs_hdr_set2_pq,8.642805099487305,/mnt/bn/public-vqa1/wangjiayi/hdr-vqa-outputs/zjuhdr_lab_cvvdp_display_models/ZJUHDR_HW_ColorVideoVDP.csv
HW,Sparks2_1000nit.mp4,Sparks2_1000nit_VTM_r2.mp4,3.985628010959597,PQ,VTM,3840,2160,10,3840,2160,10,avs_hdr_set2_pq,8.402491569519043,/mnt/bn/public-vqa1/wangjiayi/hdr-vqa-outputs/zjuhdr_lab_cvvdp_display_models/ZJUHDR_HW_ColorVideoVDP.csv
HW,Sparks3_1000nit.mp4,Sparks3_1000nit_AVS3_r3.mp4,3.974955212355347,PQ,AVS,3840,2160,10,3840,2160,10,avs_hdr_set2_pq,9.07875633239746,/mnt/bn/public-vqa1/wangjiayi/hdr-vqa-outputs/zjuhdr_lab_cvvdp_display_models/ZJUHDR_HW_ColorVideoVDP.csv
HW,Sparks3_1000nit.mp4,Sparks3_1000nit_AVS3_r4.mp4,2.938800105185242,PQ,AVS,3840,2160,10,3840,2160,10,avs_hdr_set2_pq,8.361915588378906,/mnt/bn/public-vqa1/wangjiayi/hdr-vqa-outputs/zjuhdr_lab_cvvdp_display_models/ZJUHDR_HW_ColorVideoVDP.csv
HW,Sparks3_1000nit.mp4,Sparks3_1000nit_AlphaVC-P_r2.mp4,3.411572628790784,PQ,AlphaVC-P,3840,2160,10,3840,2160,10,avs_hdr_set2_pq,8.845783233642578,/mnt/bn/public-vqa1/wangjiayi/hdr-vqa-outputs/zjuhdr_lab_cvvdp_display_models/ZJUHDR_HW_ColorVideoVDP.csv
HW,Sparks3_1000nit.mp4,Sparks3_1000nit_AlphaVC-P_r3.mp4,3.160949137524482,PQ,AlphaVC-P,3840,2160,10,3840,2160,10,avs_hdr_set2_pq,8.645882606506348,/mnt/bn/public-vqa1/wangjiayi/hdr-vqa-outputs/zjuhdr_lab_cvvdp_display_models/ZJUHDR_HW_ColorVideoVDP.csv
HW,Sparks3_1000nit.mp4,Sparks3_1000nit_EEM_r3.mp4,1.88517330154706,PQ,EEM,3840,2160,10,3840,2160,10,avs_hdr_set2_pq,7.968027114868164,/mnt/bn/public-vqa1/wangjiayi/hdr-vqa-outputs/zjuhdr_lab_cvvdp_display_models/ZJUHDR_HW_ColorVideoVDP.csv
HW,Sparks3_1000nit.mp4,Sparks3_1000nit_VTM_r1.mp4,4.660345040039088,PQ,VTM,3840,2160,10,3840,2160,10,avs_hdr_set2_pq,9.330820083618164,/mnt/bn/public-vqa1/wangjiayi/hdr-vqa-outputs/zjuhdr_lab_cvvdp_display_models/ZJUHDR_HW_ColorVideoVDP.csv
HW,Sparks3_1000nit.mp4,Sparks3_1000nit_VTM_r4.mp4,1.928726236878946,PQ,VTM,3840,2160,10,3840,2160,10,avs_hdr_set2_pq,6.668681621551514,/mnt/bn/public-vqa1/wangjiayi/hdr-vqa-outputs/zjuhdr_lab_cvvdp_display_models/ZJUHDR_HW_ColorVideoVDP.csv
MLS,Chimera13_1000nit.mp4,Chimera13_1000nit_AVS3_QP36.mp4,4.417379836649311,PQ,AVS,3840,2160,10,3840,2160,10,avs_hdr_set3_pq,9.284972190856934,/mnt/bn/public-vqa1/wangjiayi/hdr-vqa-outputs/zjuhdr_lab_cvvdp_display_models/ZJUHDR_MLS_ColorVideoVDP.csv
MLS,Chimera13_1000nit.mp4,Chimera13_1000nit_AVS3_QP40.mp4,4.41766528695161,PQ,AVS,3840,2160,10,3840,2160,10,avs_hdr_set3_pq,9.025635719299316,/mnt/bn/public-vqa1/wangjiayi/hdr-vqa-outputs/zjuhdr_lab_cvvdp_display_models/ZJUHDR_MLS_ColorVideoVDP.csv
MLS,Chimera13_1000nit.mp4,Chimera13_1000nit_AVS3_QP44.mp4,4.130409678312902,PQ,AVS,3840,2160,10,3840,2160,10,avs_hdr_set3_pq,8.68858528137207,/mnt/bn/public-vqa1/wangjiayi/hdr-vqa-outputs/zjuhdr_lab_cvvdp_display_models/ZJUHDR_MLS_ColorVideoVDP.csv
MLS,Chimera13_1000nit.mp4,Chimera13_1000nit_AVS3_QP48.mp4,3.301573578920562,PQ,AVS,3840,2160,10,3840,2160,10,avs_hdr_set3_pq,8.314043045043945,/mnt/bn/public-vqa1/wangjiayi/hdr-vqa-outputs/zjuhdr_lab_cvvdp_display_models/ZJUHDR_MLS_ColorVideoVDP.csv
MLS,Chimera13_1000nit.mp4,Chimera13_1000nit_AlphaVC-P_QP1.mp4,4.184670798616786,PQ,AlphaVC-P,3840,2160,10,3840,2160,10,avs_hdr_set3_pq,9.313796043395996,/mnt/bn/public-vqa1/wangjiayi/hdr-vqa-outputs/zjuhdr_lab_cvvdp_display_models/ZJUHDR_MLS_ColorVideoVDP.csv
MLS,Chimera13_1000nit.mp4,Chimera13_1000nit_AlphaVC-P_QP2.mp4,3.796691086545996,PQ,AlphaVC-P,3840,2160,10,3840,2160,10,avs_hdr_set3_pq,9.16254711151123,/mnt/bn/public-vqa1/wangjiayi/hdr-vqa-outputs/zjuhdr_lab_cvvdp_display_models/ZJUHDR_MLS_ColorVideoVDP.csv
MLS,Chimera13_1000nit.mp4,Chimera13_1000nit_AlphaVC-P_QP3.mp4,3.338048464727879,PQ,AlphaVC-P,3840,2160,10,3840,2160,10,avs_hdr_set3_pq,8.807581901550293,/mnt/bn/public-vqa1/wangjiayi/hdr-vqa-outputs/zjuhdr_lab_cvvdp_display_models/ZJUHDR_MLS_ColorVideoVDP.csv
MLS,Chimera13_1000nit.mp4,Chimera13_1000nit_AlphaVC-P_QP4.mp4,2.902284959333556,PQ,AlphaVC-P,3840,2160,10,3840,2160,10,avs_hdr_set3_pq,8.330446243286133,/mnt/bn/public-vqa1/wangjiayi/hdr-vqa-outputs/zjuhdr_lab_cvvdp_display_models/ZJUHDR_MLS_ColorVideoVDP.csv
MLS,Chimera13_1000nit.mp4,Chimera13_1000nit_AlphaVC-P_QP5.mp4,2.240238049779636,PQ,AlphaVC-P,3840,2160,10,3840,2160,10,avs_hdr_set3_pq,7.659561157226562,/mnt/bn/public-vqa1/wangjiayi/hdr-vqa-outputs/zjuhdr_lab_cvvdp_display_models/ZJUHDR_MLS_ColorVideoVDP.csv
MLS,Chimera13_1000nit.mp4,Chimera13_1000nit_DCVC-RT_QP13.mp4,2.269467632970553,PQ,DCVC-RT,3840,2160,10,3840,2160,10,avs_hdr_set3_pq,7.349668502807617,/mnt/bn/public-vqa1/wangjiayi/hdr-vqa-outputs/zjuhdr_lab_cvvdp_display_models/ZJUHDR_MLS_ColorVideoVDP.csv
MLS,Chimera13_1000nit.mp4,Chimera13_1000nit_DCVC-RT_QP25.mp4,2.596925305904952,PQ,DCVC-RT,3840,2160,10,3840,2160,10,avs_hdr_set3_pq,8.16833209991455,/mnt/bn/public-vqa1/wangjiayi/hdr-vqa-outputs/zjuhdr_lab_cvvdp_display_models/ZJUHDR_MLS_ColorVideoVDP.csv
MLS,Chimera13_1000nit.mp4,Chimera13_1000nit_DCVC-RT_QP50.mp4,4.667651179288252,PQ,DCVC-RT,3840,2160,10,3840,2160,10,avs_hdr_set3_pq,9.225311279296877,/mnt/bn/public-vqa1/wangjiayi/hdr-vqa-outputs/zjuhdr_lab_cvvdp_display_models/ZJUHDR_MLS_ColorVideoVDP.csv
MLS,Chimera13_1000nit.mp4,Chimera13_1000nit_EEM_QP0.mp4,4.706039825245131,PQ,EEM,3840,2160,10,3840,2160,10,avs_hdr_set3_pq,9.309706687927246,/mnt/bn/public-vqa1/wangjiayi/hdr-vqa-outputs/zjuhdr_lab_cvvdp_display_models/ZJUHDR_MLS_ColorVideoVDP.csv
MLS,Chimera13_1000nit.mp4,Chimera13_1000nit_EEM_QP1.mp4,3.739602523724349,PQ,EEM,3840,2160,10,3840,2160,10,avs_hdr_set3_pq,8.825772285461426,/mnt/bn/public-vqa1/wangjiayi/hdr-vqa-outputs/zjuhdr_lab_cvvdp_display_models/ZJUHDR_MLS_ColorVideoVDP.csv
MLS,Chimera13_1000nit.mp4,Chimera13_1000nit_EEM_QP2.mp4,3.99727644139647,PQ,EEM,3840,2160,10,3840,2160,10,avs_hdr_set3_pq,8.551535606384277,/mnt/bn/public-vqa1/wangjiayi/hdr-vqa-outputs/zjuhdr_lab_cvvdp_display_models/ZJUHDR_MLS_ColorVideoVDP.csv
MLS,Chimera13_1000nit.mp4,Chimera13_1000nit_EEM_QP3.mp4,1.743070126925621,PQ,EEM,3840,2160,10,3840,2160,10,avs_hdr_set3_pq,7.725559234619141,/mnt/bn/public-vqa1/wangjiayi/hdr-vqa-outputs/zjuhdr_lab_cvvdp_display_models/ZJUHDR_MLS_ColorVideoVDP.csv
MLS,Chimera13_1000nit.mp4,Chimera13_1000nit_NNVC_QP22.mp4,4.810606374406585,PQ,NNVC,3840,2160,10,3840,2160,10,avs_hdr_set3_pq,9.80348300933838,/mnt/bn/public-vqa1/wangjiayi/hdr-vqa-outputs/zjuhdr_lab_cvvdp_display_models/ZJUHDR_MLS_ColorVideoVDP.csv
MLS,Chimera13_1000nit.mp4,Chimera13_1000nit_NNVC_QP27.mp4,4.70101765067285,PQ,NNVC,3840,2160,10,3840,2160,10,avs_hdr_set3_pq,9.626394271850586,/mnt/bn/public-vqa1/wangjiayi/hdr-vqa-outputs/zjuhdr_lab_cvvdp_display_models/ZJUHDR_MLS_ColorVideoVDP.csv
MLS,Chimera13_1000nit.mp4,Chimera13_1000nit_NNVC_QP32.mp4,4.425300458465902,PQ,NNVC,3840,2160,10,3840,2160,10,avs_hdr_set3_pq,9.306391716003418,/mnt/bn/public-vqa1/wangjiayi/hdr-vqa-outputs/zjuhdr_lab_cvvdp_display_models/ZJUHDR_MLS_ColorVideoVDP.csv
MLS,Chimera13_1000nit.mp4,Chimera13_1000nit_NNVC_QP42.mp4,3.341233849748335,PQ,NNVC,3840,2160,10,3840,2160,10,avs_hdr_set3_pq,8.238702774047852,/mnt/bn/public-vqa1/wangjiayi/hdr-vqa-outputs/zjuhdr_lab_cvvdp_display_models/ZJUHDR_MLS_ColorVideoVDP.csv
MLS,Chimera13_1000nit.mp4,Chimera13_1000nit_QP27_3316.mp4,4.48529105448617,PQ,LTM,3840,2160,10,3840,2160,10,avs_hdr_set3_pq,9.173526763916016,/mnt/bn/public-vqa1/wangjiayi/hdr-vqa-outputs/zjuhdr_lab_cvvdp_display_models/ZJUHDR_MLS_ColorVideoVDP.csv
MLS,Chimera13_1000nit.mp4,Chimera13_1000nit_QP35_3856.mp4,3.634609528973474,PQ,LTM,3840,2160,10,3840,2160,10,avs_hdr_set3_pq,8.280868530273438,/mnt/bn/public-vqa1/wangjiayi/hdr-vqa-outputs/zjuhdr_lab_cvvdp_display_models/ZJUHDR_MLS_ColorVideoVDP.csv
MLS,Chimera13_1000nit.mp4,Chimera13_1000nit_QP37_3991.mp4,3.343830583186381,PQ,LTM,3840,2160,10,3840,2160,10,avs_hdr_set3_pq,7.977667331695557,/mnt/bn/public-vqa1/wangjiayi/hdr-vqa-outputs/zjuhdr_lab_cvvdp_display_models/ZJUHDR_MLS_ColorVideoVDP.csv
MLS,Chimera13_1000nit.mp4,Chimera13_1000nit_QP42_4329.mp4,2.136132541532397,PQ,LTM,3840,2160,10,3840,2160,10,avs_hdr_set3_pq,7.149297714233398,/mnt/bn/public-vqa1/wangjiayi/hdr-vqa-outputs/zjuhdr_lab_cvvdp_display_models/ZJUHDR_MLS_ColorVideoVDP.csv
MLS,Chimera13_1000nit.mp4,Chimera13_1000nit_VTM_QP35.mp4,4.580578544393781,PQ,VTM,3840,2160,10,3840,2160,10,avs_hdr_set3_pq,8.947509765625,/mnt/bn/public-vqa1/wangjiayi/hdr-vqa-outputs/zjuhdr_lab_cvvdp_display_models/ZJUHDR_MLS_ColorVideoVDP.csv
MLS,Chimera13_1000nit.mp4,Chimera13_1000nit_VTM_QP37.mp4,4.132125732211043,PQ,VTM,3840,2160,10,3840,2160,10,avs_hdr_set3_pq,8.703712463378906,/mnt/bn/public-vqa1/wangjiayi/hdr-vqa-outputs/zjuhdr_lab_cvvdp_display_models/ZJUHDR_MLS_ColorVideoVDP.csv
MLS,Chimera13_1000nit.mp4,Chimera13_1000nit_VTM_QP42.mp4,3.376300732033629,PQ,VTM,3840,2160,10,3840,2160,10,avs_hdr_set3_pq,8.034006118774414,/mnt/bn/public-vqa1/wangjiayi/hdr-vqa-outputs/zjuhdr_lab_cvvdp_display_models/ZJUHDR_MLS_ColorVideoVDP.csv
MLS,Chimera13_1000nit.mp4,Chimera13_1000nit_VTM_QP47.mp4,2.376583717279069,PQ,VTM,3840,2160,10,3840,2160,10,avs_hdr_set3_pq,7.187687873840332,/mnt/bn/public-vqa1/wangjiayi/hdr-vqa-outputs/zjuhdr_lab_cvvdp_display_models/ZJUHDR_MLS_ColorVideoVDP.csv
MLS,Chimera4_1000nit.mp4,Chimera4_1000nit_LCEVC_QP31.mp4,4.025243043173302,PQ,LTM,3840,2160,10,3840,2160,10,avs_hdr_set3_pq,7.437532424926758,/mnt/bn/public-vqa1/wangjiayi/hdr-vqa-outputs/zjuhdr_lab_cvvdp_display_models/ZJUHDR_MLS_ColorVideoVDP.csv
MLS,Chimera4_1000nit.mp4,Chimera4_1000nit_LCEVC_QP33.mp4,4.098663541558443,PQ,LTM,3840,2160,10,3840,2160,10,avs_hdr_set3_pq,6.887001991271973,/mnt/bn/public-vqa1/wangjiayi/hdr-vqa-outputs/zjuhdr_lab_cvvdp_display_models/ZJUHDR_MLS_ColorVideoVDP.csv
MLS,Chimera4_1000nit.mp4,Chimera4_1000nit_NNVC_QP35.mp4,4.459662952273221,PQ,NNVC,3840,2160,10,3840,2160,10,avs_hdr_set3_pq,8.307867050170898,/mnt/bn/public-vqa1/wangjiayi/hdr-vqa-outputs/zjuhdr_lab_cvvdp_display_models/ZJUHDR_MLS_ColorVideoVDP.csv
MLS,Chimera4_1000nit.mp4,Chimera4_1000nit_NNVC_QP37.mp4,4.58791017467516,PQ,NNVC,3840,2160,10,3840,2160,10,avs_hdr_set3_pq,7.854099273681641,/mnt/bn/public-vqa1/wangjiayi/hdr-vqa-outputs/zjuhdr_lab_cvvdp_display_models/ZJUHDR_MLS_ColorVideoVDP.csv
MLS,Chimera4_1000nit.mp4,Chimera4_1000nit_VTM_QP32.mp4,4.749984640790464,PQ,VTM,3840,2160,10,3840,2160,10,avs_hdr_set3_pq,8.57977294921875,/mnt/bn/public-vqa1/wangjiayi/hdr-vqa-outputs/zjuhdr_lab_cvvdp_display_models/ZJUHDR_MLS_ColorVideoVDP.csv
MLS,Chimera4_1000nit.mp4,Chimera4_1000nit_VTM_QP40.mp4,2.909926191820844,PQ,VTM,3840,2160,10,3840,2160,10,avs_hdr_set3_pq,6.490362167358398,/mnt/bn/public-vqa1/wangjiayi/hdr-vqa-outputs/zjuhdr_lab_cvvdp_display_models/ZJUHDR_MLS_ColorVideoVDP.csv
MLS,FlyingBirds.mp4,FlyingBirds_AVS3_QP36.mp4,4.149684203906296,PQ,AVS,3840,2160,10,3840,2160,10,avs_hdr_set3_pq,8.947824478149414,/mnt/bn/public-vqa1/wangjiayi/hdr-vqa-outputs/zjuhdr_lab_cvvdp_display_models/ZJUHDR_MLS_ColorVideoVDP.csv
MLS,FlyingBirds.mp4,FlyingBirds_AVS3_QP40.mp4,3.655261900542227,PQ,AVS,3840,2160,10,3840,2160,10,avs_hdr_set3_pq,8.591507911682129,/mnt/bn/public-vqa1/wangjiayi/hdr-vqa-outputs/zjuhdr_lab_cvvdp_display_models/ZJUHDR_MLS_ColorVideoVDP.csv
MLS,FlyingBirds.mp4,FlyingBirds_AVS3_QP44.mp4,2.858004791628703,PQ,AVS,3840,2160,10,3840,2160,10,avs_hdr_set3_pq,8.12485122680664,/mnt/bn/public-vqa1/wangjiayi/hdr-vqa-outputs/zjuhdr_lab_cvvdp_display_models/ZJUHDR_MLS_ColorVideoVDP.csv
MLS,FlyingBirds.mp4,FlyingBirds_AVS3_QP48.mp4,2.305217046368016,PQ,AVS,3840,2160,10,3840,2160,10,avs_hdr_set3_pq,7.637297630310059,/mnt/bn/public-vqa1/wangjiayi/hdr-vqa-outputs/zjuhdr_lab_cvvdp_display_models/ZJUHDR_MLS_ColorVideoVDP.csv
MLS,FlyingBirds.mp4,FlyingBirds_AlphaVC-P_QP0.mp4,1.668624321253602,PQ,AlphaVC-P,3840,2160,10,3840,2160,10,avs_hdr_set3_pq,8.63249397277832,/mnt/bn/public-vqa1/wangjiayi/hdr-vqa-outputs/zjuhdr_lab_cvvdp_display_models/ZJUHDR_MLS_ColorVideoVDP.csv
MLS,FlyingBirds.mp4,FlyingBirds_AlphaVC-P_QP2.mp4,1.741719060640339,PQ,AlphaVC-P,3840,2160,10,3840,2160,10,avs_hdr_set3_pq,8.077094078063965,/mnt/bn/public-vqa1/wangjiayi/hdr-vqa-outputs/zjuhdr_lab_cvvdp_display_models/ZJUHDR_MLS_ColorVideoVDP.csv
MLS,FlyingBirds.mp4,FlyingBirds_AlphaVC-P_QP3.mp4,1.19652957633118,PQ,AlphaVC-P,3840,2160,10,3840,2160,10,avs_hdr_set3_pq,7.498318672180176,/mnt/bn/public-vqa1/wangjiayi/hdr-vqa-outputs/zjuhdr_lab_cvvdp_display_models/ZJUHDR_MLS_ColorVideoVDP.csv
MLS,FlyingBirds.mp4,FlyingBirds_DCVC-RT_QP25.mp4,2.901214999665513,PQ,DCVC-RT,3840,2160,10,3840,2160,10,avs_hdr_set3_pq,7.508279800415039,/mnt/bn/public-vqa1/wangjiayi/hdr-vqa-outputs/zjuhdr_lab_cvvdp_display_models/ZJUHDR_MLS_ColorVideoVDP.csv
MLS,FlyingBirds.mp4,FlyingBirds_DCVC-RT_QP38.mp4,3.89253366886738,PQ,DCVC-RT,3840,2160,10,3840,2160,10,avs_hdr_set3_pq,8.422480583190918,/mnt/bn/public-vqa1/wangjiayi/hdr-vqa-outputs/zjuhdr_lab_cvvdp_display_models/ZJUHDR_MLS_ColorVideoVDP.csv
MLS,FlyingBirds.mp4,FlyingBirds_EEM_QP0.mp4,2.304335156671678,PQ,EEM,3840,2160,10,3840,2160,10,avs_hdr_set3_pq,8.965553283691406,/mnt/bn/public-vqa1/wangjiayi/hdr-vqa-outputs/zjuhdr_lab_cvvdp_display_models/ZJUHDR_MLS_ColorVideoVDP.csv
MLS,FlyingBirds.mp4,FlyingBirds_EEM_QP1.mp4,1.663115370956349,PQ,EEM,3840,2160,10,3840,2160,10,avs_hdr_set3_pq,8.131654739379883,/mnt/bn/public-vqa1/wangjiayi/hdr-vqa-outputs/zjuhdr_lab_cvvdp_display_models/ZJUHDR_MLS_ColorVideoVDP.csv
MLS,FlyingBirds.mp4,FlyingBirds_EEM_QP2.mp4,1.406354824820703,PQ,EEM,3840,2160,10,3840,2160,10,avs_hdr_set3_pq,7.695939064025879,/mnt/bn/public-vqa1/wangjiayi/hdr-vqa-outputs/zjuhdr_lab_cvvdp_display_models/ZJUHDR_MLS_ColorVideoVDP.csv
MLS,FlyingBirds.mp4,FlyingBirds_EEM_QP3.mp4,0.9537378164321813,PQ,EEM,3840,2160,10,3840,2160,10,avs_hdr_set3_pq,6.299559593200684,/mnt/bn/public-vqa1/wangjiayi/hdr-vqa-outputs/zjuhdr_lab_cvvdp_display_models/ZJUHDR_MLS_ColorVideoVDP.csv
MLS,FlyingBirds.mp4,FlyingBirds_NNVC_QP32.mp4,4.692460197273262,PQ,NNVC,3840,2160,10,3840,2160,10,avs_hdr_set3_pq,8.915079116821289,/mnt/bn/public-vqa1/wangjiayi/hdr-vqa-outputs/zjuhdr_lab_cvvdp_display_models/ZJUHDR_MLS_ColorVideoVDP.csv
MLS,FlyingBirds.mp4,FlyingBirds_NNVC_QP42.mp4,3.431290251905305,PQ,NNVC,3840,2160,10,3840,2160,10,avs_hdr_set3_pq,7.5541839599609375,/mnt/bn/public-vqa1/wangjiayi/hdr-vqa-outputs/zjuhdr_lab_cvvdp_display_models/ZJUHDR_MLS_ColorVideoVDP.csv
MLS,FlyingBirds.mp4,FlyingBirds_QP32_3653.mp4,4.474778481229302,PQ,LTM,3840,2160,10,3840,2160,10,avs_hdr_set3_pq,7.934253692626953,/mnt/bn/public-vqa1/wangjiayi/hdr-vqa-outputs/zjuhdr_lab_cvvdp_display_models/ZJUHDR_MLS_ColorVideoVDP.csv
MLS,FlyingBirds.mp4,FlyingBirds_QP35_3856.mp4,3.690748672962605,PQ,LTM,3840,2160,10,3840,2160,10,avs_hdr_set3_pq,7.490245819091797,/mnt/bn/public-vqa1/wangjiayi/hdr-vqa-outputs/zjuhdr_lab_cvvdp_display_models/ZJUHDR_MLS_ColorVideoVDP.csv
MLS,FlyingBirds.mp4,FlyingBirds_QP37_3991.mp4,3.019196276480079,PQ,LTM,3840,2160,10,3840,2160,10,avs_hdr_set3_pq,7.15015172958374,/mnt/bn/public-vqa1/wangjiayi/hdr-vqa-outputs/zjuhdr_lab_cvvdp_display_models/ZJUHDR_MLS_ColorVideoVDP.csv
MLS,FlyingBirds.mp4,FlyingBirds_QP42_4329.mp4,1.958138753660372,PQ,LTM,3840,2160,10,3840,2160,10,avs_hdr_set3_pq,6.314435958862305,/mnt/bn/public-vqa1/wangjiayi/hdr-vqa-outputs/zjuhdr_lab_cvvdp_display_models/ZJUHDR_MLS_ColorVideoVDP.csv
MLS,FlyingBirds.mp4,FlyingBirds_VTM_QP32.mp4,4.534493718950071,PQ,VTM,3840,2160,10,3840,2160,10,avs_hdr_set3_pq,8.703218460083008,/mnt/bn/public-vqa1/wangjiayi/hdr-vqa-outputs/zjuhdr_lab_cvvdp_display_models/ZJUHDR_MLS_ColorVideoVDP.csv
MLS,FlyingBirds.mp4,FlyingBirds_VTM_QP35.mp4,4.298351819704824,PQ,VTM,3840,2160,10,3840,2160,10,avs_hdr_set3_pq,8.321463584899902,/mnt/bn/public-vqa1/wangjiayi/hdr-vqa-outputs/zjuhdr_lab_cvvdp_display_models/ZJUHDR_MLS_ColorVideoVDP.csv
MLS,FlyingBirds.mp4,FlyingBirds_VTM_QP37.mp4,3.568186489650468,PQ,VTM,3840,2160,10,3840,2160,10,avs_hdr_set3_pq,8.027534484863281,/mnt/bn/public-vqa1/wangjiayi/hdr-vqa-outputs/zjuhdr_lab_cvvdp_display_models/ZJUHDR_MLS_ColorVideoVDP.csv
MLS,FlyingBirds.mp4,FlyingBirds_VTM_QP42.mp4,3.036217311106487,PQ,VTM,3840,2160,10,3840,2160,10,avs_hdr_set3_pq,7.253332138061523,/mnt/bn/public-vqa1/wangjiayi/hdr-vqa-outputs/zjuhdr_lab_cvvdp_display_models/ZJUHDR_MLS_ColorVideoVDP.csv
MLS,Smithy1_1000nit.mp4,Smithy1_1000nit_LCEVC_QP27.mp4,4.768189493142897,PQ,LTM,3840,2160,10,3840,2160,10,avs_hdr_set3_pq,7.687962532043457,/mnt/bn/public-vqa1/wangjiayi/hdr-vqa-outputs/zjuhdr_lab_cvvdp_display_models/ZJUHDR_MLS_ColorVideoVDP.csv
MLS,Smithy1_1000nit.mp4,Smithy1_1000nit_NNVC_QP37.mp4,4.446911480142594,PQ,NNVC,3840,2160,10,3840,2160,10,avs_hdr_set3_pq,7.067364692687988,/mnt/bn/public-vqa1/wangjiayi/hdr-vqa-outputs/zjuhdr_lab_cvvdp_display_models/ZJUHDR_MLS_ColorVideoVDP.csv
MLS,Smithy1_1000nit.mp4,Smithy1_1000nit_VTM_QP27.mp4,4.891215935137337,PQ,VTM,3840,2160,10,3840,2160,10,avs_hdr_set3_pq,9.062156677246094,/mnt/bn/public-vqa1/wangjiayi/hdr-vqa-outputs/zjuhdr_lab_cvvdp_display_models/ZJUHDR_MLS_ColorVideoVDP.csv
MLS,Smithy1_1000nit.mp4,Smithy1_1000nit_VTM_QP40.mp4,4.491621448468125,PQ,VTM,3840,2160,10,3840,2160,10,avs_hdr_set3_pq,5.6916608810424805,/mnt/bn/public-vqa1/wangjiayi/hdr-vqa-outputs/zjuhdr_lab_cvvdp_display_models/ZJUHDR_MLS_ColorVideoVDP.csv
MLS,Sparks2_1000nit.mp4,Sparks2_1000nit_LCEVC_QP25.mp4,4.458336901984568,PQ,LTM,3840,2160,10,3840,2160,10,avs_hdr_set3_pq,8.656132698059082,/mnt/bn/public-vqa1/wangjiayi/hdr-vqa-outputs/zjuhdr_lab_cvvdp_display_models/ZJUHDR_MLS_ColorVideoVDP.csv
MLS,Sparks2_1000nit.mp4,Sparks2_1000nit_NNVC_QP35.mp4,4.458241345549919,PQ,NNVC,3840,2160,10,3840,2160,10,avs_hdr_set3_pq,8.091535568237305,/mnt/bn/public-vqa1/wangjiayi/hdr-vqa-outputs/zjuhdr_lab_cvvdp_display_models/ZJUHDR_MLS_ColorVideoVDP.csv
MLS,Sparks2_1000nit.mp4,Sparks2_1000nit_NNVC_QP37.mp4,3.827617500183569,PQ,NNVC,3840,2160,10,3840,2160,10,avs_hdr_set3_pq,7.676650047302246,/mnt/bn/public-vqa1/wangjiayi/hdr-vqa-outputs/zjuhdr_lab_cvvdp_display_models/ZJUHDR_MLS_ColorVideoVDP.csv
MLS,Sparks2_1000nit.mp4,Sparks2_1000nit_VTM_QP22.mp4,4.790519954850471,PQ,VTM,3840,2160,10,3840,2160,10,avs_hdr_set3_pq,9.614721298217772,/mnt/bn/public-vqa1/wangjiayi/hdr-vqa-outputs/zjuhdr_lab_cvvdp_display_models/ZJUHDR_MLS_ColorVideoVDP.csv
MLS,Sparks2_1000nit.mp4,Sparks2_1000nit_VTM_QP35.mp4,4.190076974994088,PQ,VTM,3840,2160,10,3840,2160,10,avs_hdr_set3_pq,7.791589736938477,/mnt/bn/public-vqa1/wangjiayi/hdr-vqa-outputs/zjuhdr_lab_cvvdp_display_models/ZJUHDR_MLS_ColorVideoVDP.csv
WHU,Buildings2.mp4,Buildings2_AVS3_QP40.mp4,4.274346848439976,HLG,AVS,3840,2160,10,3840,2160,10,avs_hdr_set2_hlg,9.083189010620115,/mnt/bn/public-vqa1/wangjiayi/hdr-vqa-outputs/zjuhdr_whu_hlg_cvvdp_rerun_eambient5/ZJUHDR_WHU_HLG_ColorVideoVDP.csv
WHU,Buildings2.mp4,Buildings2_DCVC-RT_QP0.mp4,1.998572722843096,HLG,DCVC-RT,3840,2160,10,3840,2160,10,avs_hdr_set2_hlg,6.524819374084473,/mnt/bn/public-vqa1/wangjiayi/hdr-vqa-outputs/zjuhdr_whu_hlg_cvvdp_rerun_eambient5/ZJUHDR_WHU_HLG_ColorVideoVDP.csv
WHU,Buildings2.mp4,Buildings2_DCVC-RT_QP10.mp4,3.37201877779931,HLG,DCVC-RT,3840,2160,10,3840,2160,10,avs_hdr_set2_hlg,7.885238170623779,/mnt/bn/public-vqa1/wangjiayi/hdr-vqa-outputs/zjuhdr_whu_hlg_cvvdp_rerun_eambient5/ZJUHDR_WHU_HLG_ColorVideoVDP.csv
WHU,Buildings2.mp4,Buildings2_DCVC-RT_QP21.mp4,3.393324229169502,HLG,DCVC-RT,3840,2160,10,3840,2160,10,avs_hdr_set2_hlg,8.494235038757324,/mnt/bn/public-vqa1/wangjiayi/hdr-vqa-outputs/zjuhdr_whu_hlg_cvvdp_rerun_eambient5/ZJUHDR_WHU_HLG_ColorVideoVDP.csv
WHU,Buildings2.mp4,Buildings2_DCVC-RT_QP42.mp4,4.312492681614265,HLG,DCVC-RT,3840,2160,10,3840,2160,10,avs_hdr_set2_hlg,9.3250732421875,/mnt/bn/public-vqa1/wangjiayi/hdr-vqa-outputs/zjuhdr_whu_hlg_cvvdp_rerun_eambient5/ZJUHDR_WHU_HLG_ColorVideoVDP.csv
WHU,Buildings2.mp4,Buildings2_EEM_QP0.mp4,2.899630135198652,HLG,EEM,3840,2160,10,3840,2160,10,avs_hdr_set2_hlg,9.482898712158203,/mnt/bn/public-vqa1/wangjiayi/hdr-vqa-outputs/zjuhdr_whu_hlg_cvvdp_rerun_eambient5/ZJUHDR_WHU_HLG_ColorVideoVDP.csv
WHU,Buildings2.mp4,Buildings2_EEM_QP1.mp4,3.156571631833437,HLG,EEM,3840,2160,10,3840,2160,10,avs_hdr_set2_hlg,9.085945129394531,/mnt/bn/public-vqa1/wangjiayi/hdr-vqa-outputs/zjuhdr_whu_hlg_cvvdp_rerun_eambient5/ZJUHDR_WHU_HLG_ColorVideoVDP.csv
WHU,Buildings2.mp4,Buildings2_EEM_QP2.mp4,3.101874224982175,HLG,EEM,3840,2160,10,3840,2160,10,avs_hdr_set2_hlg,8.762863159179688,/mnt/bn/public-vqa1/wangjiayi/hdr-vqa-outputs/zjuhdr_whu_hlg_cvvdp_rerun_eambient5/ZJUHDR_WHU_HLG_ColorVideoVDP.csv
WHU,Buildings2.mp4,Buildings2_EEM_QP3.mp4,1.416533884712203,HLG,EEM,3840,2160,10,3840,2160,10,avs_hdr_set2_hlg,7.59732723236084,/mnt/bn/public-vqa1/wangjiayi/hdr-vqa-outputs/zjuhdr_whu_hlg_cvvdp_rerun_eambient5/ZJUHDR_WHU_HLG_ColorVideoVDP.csv
WHU,Buildings2.mp4,Buildings2_LTM_QP21_2910.mp4,4.479803291724498,HLG,LTM,3840,2160,10,3840,2160,10,avs_hdr_set2_hlg,9.510499954223633,/mnt/bn/public-vqa1/wangjiayi/hdr-vqa-outputs/zjuhdr_whu_hlg_cvvdp_rerun_eambient5/ZJUHDR_WHU_HLG_ColorVideoVDP.csv
WHU,Buildings2.mp4,Buildings2_LTM_QP38_4059.mp4,3.598630059377359,HLG,LTM,3840,2160,10,3840,2160,10,avs_hdr_set2_hlg,7.322671413421631,/mnt/bn/public-vqa1/wangjiayi/hdr-vqa-outputs/zjuhdr_whu_hlg_cvvdp_rerun_eambient5/ZJUHDR_WHU_HLG_ColorVideoVDP.csv
WHU,Buildings2.mp4,Buildings2_NNVC_QP27.mp4,4.315172010581091,HLG,NNVC,3840,2160,10,3840,2160,10,avs_hdr_set2_hlg,9.591906547546388,/mnt/bn/public-vqa1/wangjiayi/hdr-vqa-outputs/zjuhdr_whu_hlg_cvvdp_rerun_eambient5/ZJUHDR_WHU_HLG_ColorVideoVDP.csv
WHU,Buildings2.mp4,Buildings2_NNVC_QP42.mp4,4.078487140638046,HLG,NNVC,3840,2160,10,3840,2160,10,avs_hdr_set2_hlg,7.801228523254394,/mnt/bn/public-vqa1/wangjiayi/hdr-vqa-outputs/zjuhdr_whu_hlg_cvvdp_rerun_eambient5/ZJUHDR_WHU_HLG_ColorVideoVDP.csv
WHU,Buildings2.mp4,Buildings2_VTM_QP37.mp4,4.160137208289727,HLG,VTM,3840,2160,10,3840,2160,10,avs_hdr_set2_hlg,8.72581672668457,/mnt/bn/public-vqa1/wangjiayi/hdr-vqa-outputs/zjuhdr_whu_hlg_cvvdp_rerun_eambient5/ZJUHDR_WHU_HLG_ColorVideoVDP.csv
WHU,Buildings2.mp4,Buildings2_VTM_QP42.mp4,3.532735847251969,HLG,VTM,3840,2160,10,3840,2160,10,avs_hdr_set2_hlg,7.774809837341309,/mnt/bn/public-vqa1/wangjiayi/hdr-vqa-outputs/zjuhdr_whu_hlg_cvvdp_rerun_eambient5/ZJUHDR_WHU_HLG_ColorVideoVDP.csv
WHU,Buildings2.mp4,Buildings2_VTM_QP47.mp4,3.365510108406303,HLG,VTM,3840,2160,10,3840,2160,10,avs_hdr_set2_hlg,6.387880325317383,/mnt/bn/public-vqa1/wangjiayi/hdr-vqa-outputs/zjuhdr_whu_hlg_cvvdp_rerun_eambient5/ZJUHDR_WHU_HLG_ColorVideoVDP.csv
WHU,Chimera13_1000nit.mp4,Chimera13_1000nit_QP27_3316.mp4,4.378380332503936,PQ,LTM,3840,2160,10,3840,2160,10,avs_hdr_set2_pq,9.184913635253906,/mnt/bn/public-vqa1/wangjiayi/playground/hdr-vqa/outputs/ZJUHDR_WHU_ColorVideoVDP.csv
WHU,Chimera13_1000nit.mp4,Chimera13_1000nit_QP37_3991.mp4,2.690498611175628,PQ,LTM,3840,2160,10,3840,2160,10,avs_hdr_set2_pq,7.997937202453613,/mnt/bn/public-vqa1/wangjiayi/playground/hdr-vqa/outputs/ZJUHDR_WHU_ColorVideoVDP.csv
WHU,Chimera13_1000nit.mp4,Chimera13_1000nit_VTM_QP37.mp4,3.786319808775758,PQ,VTM,3840,2160,10,3840,2160,10,avs_hdr_set2_pq,8.719001770019531,/mnt/bn/public-vqa1/wangjiayi/playground/hdr-vqa/outputs/ZJUHDR_WHU_ColorVideoVDP.csv
WHU,Chimera2_1000nit.mp4,Chimera2_1000nit_AVS3_r2.mp4,4.638466055711726,PQ,AVS,3840,2160,10,3840,2160,10,avs_hdr_set2_pq,9.33316707611084,/mnt/bn/public-vqa1/wangjiayi/playground/hdr-vqa/outputs/ZJUHDR_WHU_ColorVideoVDP.csv
WHU,Chimera2_1000nit.mp4,Chimera2_1000nit_AVS3_r4.mp4,3.402833045381269,PQ,AVS,3840,2160,10,3840,2160,10,avs_hdr_set2_pq,8.209489822387695,/mnt/bn/public-vqa1/wangjiayi/playground/hdr-vqa/outputs/ZJUHDR_WHU_ColorVideoVDP.csv
WHU,Chimera2_1000nit.mp4,Chimera2_1000nit_EEM_r4.mp4,1.053669287910925,PQ,EEM,3840,2160,10,3840,2160,10,avs_hdr_set2_pq,5.994519233703613,/mnt/bn/public-vqa1/wangjiayi/playground/hdr-vqa/outputs/ZJUHDR_WHU_ColorVideoVDP.csv
WHU,Chimera2_1000nit.mp4,Chimera2_1000nit_LTM_r1.mp4,4.614894411013843,PQ,LTM,3840,2160,10,3840,2160,10,avs_hdr_set2_pq,9.542680740356444,/mnt/bn/public-vqa1/wangjiayi/playground/hdr-vqa/outputs/ZJUHDR_WHU_ColorVideoVDP.csv
WHU,Chimera2_1000nit.mp4,Chimera2_1000nit_LTM_r2.mp4,4.589900566244586,PQ,LTM,3840,2160,10,3840,2160,10,avs_hdr_set2_pq,9.21564483642578,/mnt/bn/public-vqa1/wangjiayi/playground/hdr-vqa/outputs/ZJUHDR_WHU_ColorVideoVDP.csv
WHU,Chimera2_1000nit.mp4,Chimera2_1000nit_LTM_r3.mp4,3.644559016128217,PQ,LTM,3840,2160,10,3840,2160,10,avs_hdr_set2_pq,8.42553424835205,/mnt/bn/public-vqa1/wangjiayi/playground/hdr-vqa/outputs/ZJUHDR_WHU_ColorVideoVDP.csv
WHU,Chimera2_1000nit.mp4,Chimera2_1000nit_LTM_r4.mp4,2.541888046747476,PQ,LTM,3840,2160,10,3840,2160,10,avs_hdr_set2_pq,7.149656295776367,/mnt/bn/public-vqa1/wangjiayi/playground/hdr-vqa/outputs/ZJUHDR_WHU_ColorVideoVDP.csv
WHU,Chimera3_1000nit.mp4,Chimera3_1000nit_AVS3_r3.mp4,4.332868969221324,PQ,AVS,3840,2160,10,3840,2160,10,avs_hdr_set2_pq,7.281311988830566,/mnt/bn/public-vqa1/wangjiayi/playground/hdr-vqa/outputs/ZJUHDR_WHU_ColorVideoVDP.csv
WHU,Chimera3_1000nit.mp4,Chimera3_1000nit_EEM_r4.mp4,1.02571706422412,PQ,EEM,3840,2160,10,3840,2160,10,avs_hdr_set2_pq,3.802795886993408,/mnt/bn/public-vqa1/wangjiayi/playground/hdr-vqa/outputs/ZJUHDR_WHU_ColorVideoVDP.csv
WHU,Chimera3_1000nit.mp4,Chimera3_1000nit_LTM_r1.mp4,4.867709689473448,PQ,LTM,3840,2160,10,3840,2160,10,avs_hdr_set2_pq,9.34673309326172,/mnt/bn/public-vqa1/wangjiayi/playground/hdr-vqa/outputs/ZJUHDR_WHU_ColorVideoVDP.csv
WHU,Chimera4_1000nit.mp4,Chimera4_1000nit_AVS3_r1.mp4,4.542548094830501,PQ,AVS,3840,2160,10,3840,2160,10,avs_hdr_set2_pq,9.57578182220459,/mnt/bn/public-vqa1/wangjiayi/playground/hdr-vqa/outputs/ZJUHDR_WHU_ColorVideoVDP.csv
WHU,Chimera4_1000nit.mp4,Chimera4_1000nit_AVS3_r2.mp4,4.630075550803915,PQ,AVS,3840,2160,10,3840,2160,10,avs_hdr_set2_pq,9.355440139770508,/mnt/bn/public-vqa1/wangjiayi/playground/hdr-vqa/outputs/ZJUHDR_WHU_ColorVideoVDP.csv
WHU,Chimera4_1000nit.mp4,Chimera4_1000nit_AVS3_r4.mp4,2.972275917997013,PQ,AVS,3840,2160,10,3840,2160,10,avs_hdr_set2_pq,7.873085975646973,/mnt/bn/public-vqa1/wangjiayi/playground/hdr-vqa/outputs/ZJUHDR_WHU_ColorVideoVDP.csv
WHU,Chimera4_1000nit.mp4,Chimera4_1000nit_AlphaVC-P_r4.mp4,1.471372253287658,PQ,AlphaVC-P,3840,2160,10,3840,2160,10,avs_hdr_set2_pq,5.663580894470215,/mnt/bn/public-vqa1/wangjiayi/playground/hdr-vqa/outputs/ZJUHDR_WHU_ColorVideoVDP.csv
WHU,Chimera4_1000nit.mp4,Chimera4_1000nit_LTM_r1.mp4,4.304807442114497,PQ,LTM,3840,2160,10,3840,2160,10,avs_hdr_set2_pq,9.58102798461914,/mnt/bn/public-vqa1/wangjiayi/playground/hdr-vqa/outputs/ZJUHDR_WHU_ColorVideoVDP.csv
WHU,Chimera4_1000nit.mp4,Chimera4_1000nit_NNVC_r1.mp4,4.835430125701135,PQ,NNVC,3840,2160,10,3840,2160,10,avs_hdr_set2_pq,9.83799934387207,/mnt/bn/public-vqa1/wangjiayi/playground/hdr-vqa/outputs/ZJUHDR_WHU_ColorVideoVDP.csv
WHU,Chimera4_1000nit.mp4,Chimera4_1000nit_NNVC_r4.mp4,2.175179830662975,PQ,NNVC,3840,2160,10,3840,2160,10,avs_hdr_set2_pq,6.510064125061035,/mnt/bn/public-vqa1/wangjiayi/playground/hdr-vqa/outputs/ZJUHDR_WHU_ColorVideoVDP.csv
WHU,Chimera4_1000nit.mp4,Chimera4_1000nit_VTM_QP40.mp4,2.436776853353875,PQ,VTM,3840,2160,10,3840,2160,10,avs_hdr_set2_pq,6.527133941650391,/mnt/bn/public-vqa1/wangjiayi/playground/hdr-vqa/outputs/ZJUHDR_WHU_ColorVideoVDP.csv
WHU,Coffee1.mp4,Coffee1_AVS3_QP36.mp4,4.175616008944053,HLG,AVS,3840,2160,10,3840,2160,10,avs_hdr_set2_hlg,9.074188232421877,/mnt/bn/public-vqa1/wangjiayi/hdr-vqa-outputs/zjuhdr_whu_hlg_cvvdp_rerun_eambient5/ZJUHDR_WHU_HLG_ColorVideoVDP.csv
WHU,Coffee1.mp4,Coffee1_AVS3_QP40.mp4,3.620135425631493,HLG,AVS,3840,2160,10,3840,2160,10,avs_hdr_set2_hlg,8.787168502807617,/mnt/bn/public-vqa1/wangjiayi/hdr-vqa-outputs/zjuhdr_whu_hlg_cvvdp_rerun_eambient5/ZJUHDR_WHU_HLG_ColorVideoVDP.csv
WHU,Coffee1.mp4,Coffee1_AVS3_QP44.mp4,2.880845428650658,HLG,AVS,3840,2160,10,3840,2160,10,avs_hdr_set2_hlg,8.407365798950195,/mnt/bn/public-vqa1/wangjiayi/hdr-vqa-outputs/zjuhdr_whu_hlg_cvvdp_rerun_eambient5/ZJUHDR_WHU_HLG_ColorVideoVDP.csv
WHU,Coffee1.mp4,Coffee1_AVS3_QP48.mp4,2.313365409516825,HLG,AVS,3840,2160,10,3840,2160,10,avs_hdr_set2_hlg,7.982594966888428,/mnt/bn/public-vqa1/wangjiayi/hdr-vqa-outputs/zjuhdr_whu_hlg_cvvdp_rerun_eambient5/ZJUHDR_WHU_HLG_ColorVideoVDP.csv
WHU,Coffee1.mp4,Coffee1_AlphaVC-P_QP2.mp4,4.2658393632504,HLG,AlphaVC-P,3840,2160,10,3840,2160,10,avs_hdr_set2_hlg,8.49637508392334,/mnt/bn/public-vqa1/wangjiayi/hdr-vqa-outputs/zjuhdr_whu_hlg_cvvdp_rerun_eambient5/ZJUHDR_WHU_HLG_ColorVideoVDP.csv
WHU,Coffee1.mp4,Coffee1_AlphaVC-P_QP3.mp4,4.137371138362255,HLG,AlphaVC-P,3840,2160,10,3840,2160,10,avs_hdr_set2_hlg,8.048154830932617,/mnt/bn/public-vqa1/wangjiayi/hdr-vqa-outputs/zjuhdr_whu_hlg_cvvdp_rerun_eambient5/ZJUHDR_WHU_HLG_ColorVideoVDP.csv
WHU,Coffee1.mp4,Coffee1_AlphaVC-P_QP4.mp4,3.172350500538265,HLG,AlphaVC-P,3840,2160,10,3840,2160,10,avs_hdr_set2_hlg,7.418505668640137,/mnt/bn/public-vqa1/wangjiayi/hdr-vqa-outputs/zjuhdr_whu_hlg_cvvdp_rerun_eambient5/ZJUHDR_WHU_HLG_ColorVideoVDP.csv
WHU,Coffee1.mp4,Coffee1_DCVC-RT_QP0.mp4,1.251436332493243,HLG,DCVC-RT,3840,2160,10,3840,2160,10,avs_hdr_set2_hlg,5.896537780761719,/mnt/bn/public-vqa1/wangjiayi/hdr-vqa-outputs/zjuhdr_whu_hlg_cvvdp_rerun_eambient5/ZJUHDR_WHU_HLG_ColorVideoVDP.csv
WHU,Coffee1.mp4,Coffee1_DCVC-RT_QP21.mp4,3.532919589570013,HLG,DCVC-RT,3840,2160,10,3840,2160,10,avs_hdr_set2_hlg,7.814442157745361,/mnt/bn/public-vqa1/wangjiayi/hdr-vqa-outputs/zjuhdr_whu_hlg_cvvdp_rerun_eambient5/ZJUHDR_WHU_HLG_ColorVideoVDP.csv
WHU,Coffee1.mp4,Coffee1_DCVC-RT_QP27.mp4,3.73630994770174,HLG,DCVC-RT,3840,2160,10,3840,2160,10,avs_hdr_set2_hlg,8.38264274597168,/mnt/bn/public-vqa1/wangjiayi/hdr-vqa-outputs/zjuhdr_whu_hlg_cvvdp_rerun_eambient5/ZJUHDR_WHU_HLG_ColorVideoVDP.csv
WHU,Coffee1.mp4,Coffee1_DCVC-RT_QP42.mp4,4.155029919914915,HLG,DCVC-RT,3840,2160,10,3840,2160,10,avs_hdr_set2_hlg,8.929956436157227,/mnt/bn/public-vqa1/wangjiayi/hdr-vqa-outputs/zjuhdr_whu_hlg_cvvdp_rerun_eambient5/ZJUHDR_WHU_HLG_ColorVideoVDP.csv
WHU,Coffee1.mp4,Coffee1_EEM_QP0.mp4,4.24798615371296,HLG,EEM,3840,2160,10,3840,2160,10,avs_hdr_set2_hlg,9.208536148071287,/mnt/bn/public-vqa1/wangjiayi/hdr-vqa-outputs/zjuhdr_whu_hlg_cvvdp_rerun_eambient5/ZJUHDR_WHU_HLG_ColorVideoVDP.csv
WHU,Coffee1.mp4,Coffee1_EEM_QP2.mp4,3.410684387202624,HLG,EEM,3840,2160,10,3840,2160,10,avs_hdr_set2_hlg,8.379281997680664,/mnt/bn/public-vqa1/wangjiayi/hdr-vqa-outputs/zjuhdr_whu_hlg_cvvdp_rerun_eambient5/ZJUHDR_WHU_HLG_ColorVideoVDP.csv
WHU,Coffee1.mp4,Coffee1_EEM_QP3.mp4,2.203364496227873,HLG,EEM,3840,2160,10,3840,2160,10,avs_hdr_set2_hlg,7.31251049041748,/mnt/bn/public-vqa1/wangjiayi/hdr-vqa-outputs/zjuhdr_whu_hlg_cvvdp_rerun_eambient5/ZJUHDR_WHU_HLG_ColorVideoVDP.csv
WHU,Coffee1.mp4,Coffee1_LTM_QP21_2910.mp4,4.816119032977726,HLG,LTM,3840,2160,10,3840,2160,10,avs_hdr_set2_hlg,9.336665153503418,/mnt/bn/public-vqa1/wangjiayi/hdr-vqa-outputs/zjuhdr_whu_hlg_cvvdp_rerun_eambient5/ZJUHDR_WHU_HLG_ColorVideoVDP.csv
WHU,Coffee1.mp4,Coffee1_LTM_QP38_4059.mp4,2.466838059678174,HLG,LTM,3840,2160,10,3840,2160,10,avs_hdr_set2_hlg,7.423305034637451,/mnt/bn/public-vqa1/wangjiayi/hdr-vqa-outputs/zjuhdr_whu_hlg_cvvdp_rerun_eambient5/ZJUHDR_WHU_HLG_ColorVideoVDP.csv
WHU,Coffee1.mp4,Coffee1_NNVC_QP27.mp4,4.257500589013212,HLG,NNVC,3840,2160,10,3840,2160,10,avs_hdr_set2_hlg,9.404182434082031,/mnt/bn/public-vqa1/wangjiayi/hdr-vqa-outputs/zjuhdr_whu_hlg_cvvdp_rerun_eambient5/ZJUHDR_WHU_HLG_ColorVideoVDP.csv
WHU,Coffee1.mp4,Coffee1_NNVC_QP42.mp4,4.347843087204652,HLG,NNVC,3840,2160,10,3840,2160,10,avs_hdr_set2_hlg,7.917476654052734,/mnt/bn/public-vqa1/wangjiayi/hdr-vqa-outputs/zjuhdr_whu_hlg_cvvdp_rerun_eambient5/ZJUHDR_WHU_HLG_ColorVideoVDP.csv
WHU,Coffee1.mp4,Coffee1_VTM_QP32.mp4,3.24094537903807,HLG,VTM,3840,2160,10,3840,2160,10,avs_hdr_set2_hlg,8.954666137695312,/mnt/bn/public-vqa1/wangjiayi/hdr-vqa-outputs/zjuhdr_whu_hlg_cvvdp_rerun_eambient5/ZJUHDR_WHU_HLG_ColorVideoVDP.csv
WHU,Coffee1.mp4,Coffee1_VTM_QP35.mp4,4.682629869204809,HLG,VTM,3840,2160,10,3840,2160,10,avs_hdr_set2_hlg,8.647539138793945,/mnt/bn/public-vqa1/wangjiayi/hdr-vqa-outputs/zjuhdr_whu_hlg_cvvdp_rerun_eambient5/ZJUHDR_WHU_HLG_ColorVideoVDP.csv
WHU,Coffee1.mp4,Coffee1_VTM_QP42.mp4,1.970590999885452,HLG,VTM,3840,2160,10,3840,2160,10,avs_hdr_set2_hlg,7.664162635803223,/mnt/bn/public-vqa1/wangjiayi/hdr-vqa-outputs/zjuhdr_whu_hlg_cvvdp_rerun_eambient5/ZJUHDR_WHU_HLG_ColorVideoVDP.csv
WHU,DroneShowEnding.mp4,DroneShowEnding_AVS3_QP44.mp4,4.271921771153168,HLG,AVS,3840,2160,10,3840,2160,10,avs_hdr_set2_hlg,8.983678817749023,/mnt/bn/public-vqa1/wangjiayi/hdr-vqa-outputs/zjuhdr_whu_hlg_cvvdp_rerun_eambient5/ZJUHDR_WHU_HLG_ColorVideoVDP.csv
WHU,DroneShowEnding.mp4,DroneShowEnding_AlphaVC-P_QP3.mp4,3.54933447415104,HLG,AlphaVC-P,3840,2160,10,3840,2160,10,avs_hdr_set2_hlg,8.116976737976074,/mnt/bn/public-vqa1/wangjiayi/hdr-vqa-outputs/zjuhdr_whu_hlg_cvvdp_rerun_eambient5/ZJUHDR_WHU_HLG_ColorVideoVDP.csv
WHU,DroneShowEnding.mp4,DroneShowEnding_AlphaVC-P_QP4.mp4,2.919893514287887,HLG,AlphaVC-P,3840,2160,10,3840,2160,10,avs_hdr_set2_hlg,7.46536111831665,/mnt/bn/public-vqa1/wangjiayi/hdr-vqa-outputs/zjuhdr_whu_hlg_cvvdp_rerun_eambient5/ZJUHDR_WHU_HLG_ColorVideoVDP.csv
WHU,DroneShowEnding.mp4,DroneShowEnding_AlphaVC-P_QP5.mp4,2.086969010165221,HLG,AlphaVC-P,3840,2160,10,3840,2160,10,avs_hdr_set2_hlg,6.460947036743164,/mnt/bn/public-vqa1/wangjiayi/hdr-vqa-outputs/zjuhdr_whu_hlg_cvvdp_rerun_eambient5/ZJUHDR_WHU_HLG_ColorVideoVDP.csv
WHU,DroneShowEnding.mp4,DroneShowEnding_DCVC-RT_QP6.mp4,3.259443836084495,HLG,DCVC-RT,3840,2160,10,3840,2160,10,avs_hdr_set2_hlg,7.82778263092041,/mnt/bn/public-vqa1/wangjiayi/hdr-vqa-outputs/zjuhdr_whu_hlg_cvvdp_rerun_eambient5/ZJUHDR_WHU_HLG_ColorVideoVDP.csv
WHU,DroneShowEnding.mp4,DroneShowEnding_DCVC_QP0.mp4,2.003444230673311,HLG,DCVC-RT,3840,2160,10,3840,2160,10,avs_hdr_set2_hlg,5.479002952575684,/mnt/bn/public-vqa1/wangjiayi/hdr-vqa-outputs/zjuhdr_whu_hlg_cvvdp_rerun_eambient5/ZJUHDR_WHU_HLG_ColorVideoVDP.csv
WHU,DroneShowEnding.mp4,DroneShowEnding_DCVC_QP13.mp4,3.526826541257508,HLG,DCVC-RT,3840,2160,10,3840,2160,10,avs_hdr_set2_hlg,7.802976131439209,/mnt/bn/public-vqa1/wangjiayi/hdr-vqa-outputs/zjuhdr_whu_hlg_cvvdp_rerun_eambient5/ZJUHDR_WHU_HLG_ColorVideoVDP.csv
WHU,DroneShowEnding.mp4,DroneShowEnding_DCVC_QP25.mp4,4.2567843867263,HLG,DCVC-RT,3840,2160,10,3840,2160,10,avs_hdr_set2_hlg,8.814455032348633,/mnt/bn/public-vqa1/wangjiayi/hdr-vqa-outputs/zjuhdr_whu_hlg_cvvdp_rerun_eambient5/ZJUHDR_WHU_HLG_ColorVideoVDP.csv
WHU,DroneShowEnding.mp4,DroneShowEnding_DCVC_QP38.mp4,4.384648372914447,HLG,DCVC-RT,3840,2160,10,3840,2160,10,avs_hdr_set2_hlg,9.316417694091797,/mnt/bn/public-vqa1/wangjiayi/hdr-vqa-outputs/zjuhdr_whu_hlg_cvvdp_rerun_eambient5/ZJUHDR_WHU_HLG_ColorVideoVDP.csv
WHU,DroneShowEnding.mp4,DroneShowEnding_EEM_QP2.mp4,3.436949234627163,HLG,EEM,3840,2160,10,3840,2160,10,avs_hdr_set2_hlg,8.96153450012207,/mnt/bn/public-vqa1/wangjiayi/hdr-vqa-outputs/zjuhdr_whu_hlg_cvvdp_rerun_eambient5/ZJUHDR_WHU_HLG_ColorVideoVDP.csv
WHU,DroneShowEnding.mp4,DroneShowEnding_EEM_QP3.mp4,2.520086591446449,HLG,EEM,3840,2160,10,3840,2160,10,avs_hdr_set2_hlg,8.039055824279785,/mnt/bn/public-vqa1/wangjiayi/hdr-vqa-outputs/zjuhdr_whu_hlg_cvvdp_rerun_eambient5/ZJUHDR_WHU_HLG_ColorVideoVDP.csv
WHU,DroneShowEnding.mp4,DroneShowEnding_NNVC_QP42.mp4,3.814883998200298,HLG,NNVC,3840,2160,10,3840,2160,10,avs_hdr_set2_hlg,8.489815711975098,/mnt/bn/public-vqa1/wangjiayi/hdr-vqa-outputs/zjuhdr_whu_hlg_cvvdp_rerun_eambient5/ZJUHDR_WHU_HLG_ColorVideoVDP.csv
WHU,DroneShowEnding.mp4,DroneShowEnding_QP35_3856.mp4,3.968816068793581,HLG,LTM,3840,2160,10,3840,2160,10,avs_hdr_set2_hlg,8.385605812072754,/mnt/bn/public-vqa1/wangjiayi/hdr-vqa-outputs/zjuhdr_whu_hlg_cvvdp_rerun_eambient5/ZJUHDR_WHU_HLG_ColorVideoVDP.csv
WHU,DroneShowEnding.mp4,DroneShowEnding_QP37_3991.mp4,3.629976981887637,HLG,LTM,3840,2160,10,3840,2160,10,avs_hdr_set2_hlg,8.111128807067871,/mnt/bn/public-vqa1/wangjiayi/hdr-vqa-outputs/zjuhdr_whu_hlg_cvvdp_rerun_eambient5/ZJUHDR_WHU_HLG_ColorVideoVDP.csv
WHU,DroneShowEnding.mp4,DroneShowEnding_QP42_4329.mp4,3.155737742168249,HLG,LTM,3840,2160,10,3840,2160,10,avs_hdr_set2_hlg,7.207993030548096,/mnt/bn/public-vqa1/wangjiayi/hdr-vqa-outputs/zjuhdr_whu_hlg_cvvdp_rerun_eambient5/ZJUHDR_WHU_HLG_ColorVideoVDP.csv
WHU,DroneShowEnding.mp4,DroneShowEnding_QP47_4667.mp4,1.776597625093765,HLG,LTM,3840,2160,10,3840,2160,10,avs_hdr_set2_hlg,6.060864448547363,/mnt/bn/public-vqa1/wangjiayi/hdr-vqa-outputs/zjuhdr_whu_hlg_cvvdp_rerun_eambient5/ZJUHDR_WHU_HLG_ColorVideoVDP.csv
WHU,DroneShowEnding.mp4,DroneShowEnding_VTM_QP37.mp4,4.414292897876196,HLG,VTM,3840,2160,10,3840,2160,10,avs_hdr_set2_hlg,9.023470878601074,/mnt/bn/public-vqa1/wangjiayi/hdr-vqa-outputs/zjuhdr_whu_hlg_cvvdp_rerun_eambient5/ZJUHDR_WHU_HLG_ColorVideoVDP.csv
WHU,DroneShowEnding.mp4,DroneShowEnding_VTM_QP42.mp4,4.054834191618683,HLG,VTM,3840,2160,10,3840,2160,10,avs_hdr_set2_hlg,8.487054824829102,/mnt/bn/public-vqa1/wangjiayi/hdr-vqa-outputs/zjuhdr_whu_hlg_cvvdp_rerun_eambient5/ZJUHDR_WHU_HLG_ColorVideoVDP.csv
WHU,DroneShowEnding.mp4,DroneShowEnding_VTM_QP47.mp4,2.949256675172412,HLG,VTM,3840,2160,10,3840,2160,10,avs_hdr_set2_hlg,7.624698638916016,/mnt/bn/public-vqa1/wangjiayi/hdr-vqa-outputs/zjuhdr_whu_hlg_cvvdp_rerun_eambient5/ZJUHDR_WHU_HLG_ColorVideoVDP.csv
WHU,Fountain2.mp4,Fountain2_AVS3_QP36.mp4,4.438350975088858,HLG,AVS,3840,2160,10,3840,2160,10,avs_hdr_set2_hlg,8.673137664794922,/mnt/bn/public-vqa1/wangjiayi/hdr-vqa-outputs/zjuhdr_whu_hlg_cvvdp_rerun_eambient5/ZJUHDR_WHU_HLG_ColorVideoVDP.csv
WHU,Fountain2.mp4,Fountain2_AVS3_QP44.mp4,3.757142641419755,HLG,AVS,3840,2160,10,3840,2160,10,avs_hdr_set2_hlg,7.789851665496826,/mnt/bn/public-vqa1/wangjiayi/hdr-vqa-outputs/zjuhdr_whu_hlg_cvvdp_rerun_eambient5/ZJUHDR_WHU_HLG_ColorVideoVDP.csv
WHU,Fountain2.mp4,Fountain2_AVS3_QP48.mp4,3.167706453483162,HLG,AVS,3840,2160,10,3840,2160,10,avs_hdr_set2_hlg,7.287242889404297,/mnt/bn/public-vqa1/wangjiayi/hdr-vqa-outputs/zjuhdr_whu_hlg_cvvdp_rerun_eambient5/ZJUHDR_WHU_HLG_ColorVideoVDP.csv
WHU,Fountain2.mp4,Fountain2_AlphaVC-P_QP0.mp4,4.413381914697929,HLG,AlphaVC-P,3840,2160,10,3840,2160,10,avs_hdr_set2_hlg,8.261378288269043,/mnt/bn/public-vqa1/wangjiayi/hdr-vqa-outputs/zjuhdr_whu_hlg_cvvdp_rerun_eambient5/ZJUHDR_WHU_HLG_ColorVideoVDP.csv
WHU,Fountain2.mp4,Fountain2_AlphaVC-P_QP2.mp4,3.999811631578591,HLG,AlphaVC-P,3840,2160,10,3840,2160,10,avs_hdr_set2_hlg,7.408699989318848,/mnt/bn/public-vqa1/wangjiayi/hdr-vqa-outputs/zjuhdr_whu_hlg_cvvdp_rerun_eambient5/ZJUHDR_WHU_HLG_ColorVideoVDP.csv
WHU,Fountain2.mp4,Fountain2_AlphaVC-P_QP3.mp4,3.371418156964057,HLG,AlphaVC-P,3840,2160,10,3840,2160,10,avs_hdr_set2_hlg,6.851491928100586,/mnt/bn/public-vqa1/wangjiayi/hdr-vqa-outputs/zjuhdr_whu_hlg_cvvdp_rerun_eambient5/ZJUHDR_WHU_HLG_ColorVideoVDP.csv
WHU,Fountain2.mp4,Fountain2_AlphaVC-P_QP4.mp4,2.654724524105209,HLG,AlphaVC-P,3840,2160,10,3840,2160,10,avs_hdr_set2_hlg,6.180604934692383,/mnt/bn/public-vqa1/wangjiayi/hdr-vqa-outputs/zjuhdr_whu_hlg_cvvdp_rerun_eambient5/ZJUHDR_WHU_HLG_ColorVideoVDP.csv
WHU,Fountain2.mp4,Fountain2_AlphaVC-P_QP5.mp4,1.496167032958497,HLG,AlphaVC-P,3840,2160,10,3840,2160,10,avs_hdr_set2_hlg,5.317637920379639,/mnt/bn/public-vqa1/wangjiayi/hdr-vqa-outputs/zjuhdr_whu_hlg_cvvdp_rerun_eambient5/ZJUHDR_WHU_HLG_ColorVideoVDP.csv
WHU,Fountain2.mp4,Fountain2_DCVC-RT_QP0.mp4,1.487286247784453,HLG,DCVC-RT,3840,2160,10,3840,2160,10,avs_hdr_set2_hlg,5.32096004486084,/mnt/bn/public-vqa1/wangjiayi/hdr-vqa-outputs/zjuhdr_whu_hlg_cvvdp_rerun_eambient5/ZJUHDR_WHU_HLG_ColorVideoVDP.csv
WHU,Fountain2.mp4,Fountain2_DCVC-RT_QP21.mp4,2.689258674529253,HLG,DCVC-RT,3840,2160,10,3840,2160,10,avs_hdr_set2_hlg,7.092010021209717,/mnt/bn/public-vqa1/wangjiayi/hdr-vqa-outputs/zjuhdr_whu_hlg_cvvdp_rerun_eambient5/ZJUHDR_WHU_HLG_ColorVideoVDP.csv
WHU,Fountain2.mp4,Fountain2_DCVC-RT_QP30.mp4,3.698789456630231,HLG,DCVC-RT,3840,2160,10,3840,2160,10,avs_hdr_set2_hlg,7.748726844787598,/mnt/bn/public-vqa1/wangjiayi/hdr-vqa-outputs/zjuhdr_whu_hlg_cvvdp_rerun_eambient5/ZJUHDR_WHU_HLG_ColorVideoVDP.csv
WHU,Fountain2.mp4,Fountain2_DCVC-RT_QP42.mp4,4.356225426589269,HLG,DCVC-RT,3840,2160,10,3840,2160,10,avs_hdr_set2_hlg,8.427776336669922,/mnt/bn/public-vqa1/wangjiayi/hdr-vqa-outputs/zjuhdr_whu_hlg_cvvdp_rerun_eambient5/ZJUHDR_WHU_HLG_ColorVideoVDP.csv
WHU,Fountain2.mp4,Fountain2_EEM_QP0.mp4,4.254101603892923,HLG,EEM,3840,2160,10,3840,2160,10,avs_hdr_set2_hlg,8.787393569946289,/mnt/bn/public-vqa1/wangjiayi/hdr-vqa-outputs/zjuhdr_whu_hlg_cvvdp_rerun_eambient5/ZJUHDR_WHU_HLG_ColorVideoVDP.csv
WHU,Fountain2.mp4,Fountain2_EEM_QP1.mp4,2.928353891660976,HLG,EEM,3840,2160,10,3840,2160,10,avs_hdr_set2_hlg,8.045480728149414,/mnt/bn/public-vqa1/wangjiayi/hdr-vqa-outputs/zjuhdr_whu_hlg_cvvdp_rerun_eambient5/ZJUHDR_WHU_HLG_ColorVideoVDP.csv
WHU,Fountain2.mp4,Fountain2_EEM_QP2.mp4,2.807628391677249,HLG,EEM,3840,2160,10,3840,2160,10,avs_hdr_set2_hlg,7.597256660461426,/mnt/bn/public-vqa1/wangjiayi/hdr-vqa-outputs/zjuhdr_whu_hlg_cvvdp_rerun_eambient5/ZJUHDR_WHU_HLG_ColorVideoVDP.csv
WHU,Fountain2.mp4,Fountain2_EEM_QP3.mp4,1.775640686562388,HLG,EEM,3840,2160,10,3840,2160,10,avs_hdr_set2_hlg,6.534666538238525,/mnt/bn/public-vqa1/wangjiayi/hdr-vqa-outputs/zjuhdr_whu_hlg_cvvdp_rerun_eambient5/ZJUHDR_WHU_HLG_ColorVideoVDP.csv
WHU,Fountain2.mp4,Fountain2_LTM_QP21_2910.mp4,4.36633462538849,HLG,LTM,3840,2160,10,3840,2160,10,avs_hdr_set2_hlg,8.950981140136719,/mnt/bn/public-vqa1/wangjiayi/hdr-vqa-outputs/zjuhdr_whu_hlg_cvvdp_rerun_eambient5/ZJUHDR_WHU_HLG_ColorVideoVDP.csv
WHU,Fountain2.mp4,Fountain2_LTM_QP38_4059.mp4,2.633104260228908,HLG,LTM,3840,2160,10,3840,2160,10,avs_hdr_set2_hlg,6.493473052978516,/mnt/bn/public-vqa1/wangjiayi/hdr-vqa-outputs/zjuhdr_whu_hlg_cvvdp_rerun_eambient5/ZJUHDR_WHU_HLG_ColorVideoVDP.csv
WHU,Fountain2.mp4,Fountain2_NNVC_QP32.mp4,4.225315083654205,HLG,NNVC,3840,2160,10,3840,2160,10,avs_hdr_set2_hlg,8.614900588989258,/mnt/bn/public-vqa1/wangjiayi/hdr-vqa-outputs/zjuhdr_whu_hlg_cvvdp_rerun_eambient5/ZJUHDR_WHU_HLG_ColorVideoVDP.csv
WHU,Fountain2.mp4,Fountain2_NNVC_QP42.mp4,2.733999856316578,HLG,NNVC,3840,2160,10,3840,2160,10,avs_hdr_set2_hlg,7.117192268371582,/mnt/bn/public-vqa1/wangjiayi/hdr-vqa-outputs/zjuhdr_whu_hlg_cvvdp_rerun_eambient5/ZJUHDR_WHU_HLG_ColorVideoVDP.csv
WHU,Fountain2.mp4,Fountain2_VTM_QP35.mp4,3.741791673484153,HLG,VTM,3840,2160,10,3840,2160,10,avs_hdr_set2_hlg,8.075760841369629,/mnt/bn/public-vqa1/wangjiayi/hdr-vqa-outputs/zjuhdr_whu_hlg_cvvdp_rerun_eambient5/ZJUHDR_WHU_HLG_ColorVideoVDP.csv
WHU,Fountain2.mp4,Fountain2_VTM_QP37.mp4,3.537605574374042,HLG,VTM,3840,2160,10,3840,2160,10,avs_hdr_set2_hlg,7.764524459838867,/mnt/bn/public-vqa1/wangjiayi/hdr-vqa-outputs/zjuhdr_whu_hlg_cvvdp_rerun_eambient5/ZJUHDR_WHU_HLG_ColorVideoVDP.csv
WHU,Fountain2.mp4,Fountain2_VTM_QP42.mp4,2.961734166355731,HLG,VTM,3840,2160,10,3840,2160,10,avs_hdr_set2_hlg,6.932803153991699,/mnt/bn/public-vqa1/wangjiayi/hdr-vqa-outputs/zjuhdr_whu_hlg_cvvdp_rerun_eambient5/ZJUHDR_WHU_HLG_ColorVideoVDP.csv
WHU,Fountain2.mp4,Fountain2_VTM_QP47.mp4,1.905960366673972,HLG,VTM,3840,2160,10,3840,2160,10,avs_hdr_set2_hlg,5.968911647796631,/mnt/bn/public-vqa1/wangjiayi/hdr-vqa-outputs/zjuhdr_whu_hlg_cvvdp_rerun_eambient5/ZJUHDR_WHU_HLG_ColorVideoVDP.csv
WHU,Smithy1_1000nit.mp4,Smithy1_1000nit_AlphaVC-P_r1.mp4,4.464368277642823,PQ,AlphaVC-P,3840,2160,10,3840,2160,10,avs_hdr_set2_pq,8.163751602172852,/mnt/bn/public-vqa1/wangjiayi/playground/hdr-vqa/outputs/ZJUHDR_WHU_ColorVideoVDP.csv
WHU,Smithy1_1000nit.mp4,Smithy1_1000nit_AlphaVC-P_r2.mp4,4.052901807497724,PQ,AlphaVC-P,3840,2160,10,3840,2160,10,avs_hdr_set2_pq,7.520873069763184,/mnt/bn/public-vqa1/wangjiayi/playground/hdr-vqa/outputs/ZJUHDR_WHU_ColorVideoVDP.csv
WHU,Smithy1_1000nit.mp4,Smithy1_1000nit_EEM_r1.mp4,4.771775970425273,PQ,EEM,3840,2160,10,3840,2160,10,avs_hdr_set2_pq,8.768549919128418,/mnt/bn/public-vqa1/wangjiayi/playground/hdr-vqa/outputs/ZJUHDR_WHU_ColorVideoVDP.csv
WHU,Smithy1_1000nit.mp4,Smithy1_1000nit_NNVC_r2.mp4,4.867841916950387,PQ,NNVC,3840,2160,10,3840,2160,10,avs_hdr_set2_pq,9.297836303710938,/mnt/bn/public-vqa1/wangjiayi/playground/hdr-vqa/outputs/ZJUHDR_WHU_ColorVideoVDP.csv
WHU,Smithy1_1000nit.mp4,Smithy1_1000nit_VTM_r1.mp4,4.573978690197963,PQ,VTM,3840,2160,10,3840,2160,10,avs_hdr_set2_pq,8.13123893737793,/mnt/bn/public-vqa1/wangjiayi/playground/hdr-vqa/outputs/ZJUHDR_WHU_ColorVideoVDP.csv
WHU,Sparks2_1000nit.mp4,Sparks2_1000nit_AVS3_r2.mp4,4.326952746965916,PQ,AVS,3840,2160,10,3840,2160,10,avs_hdr_set2_pq,9.138961791992188,/mnt/bn/public-vqa1/wangjiayi/playground/hdr-vqa/outputs/ZJUHDR_WHU_ColorVideoVDP.csv
WHU,Sparks2_1000nit.mp4,Sparks2_1000nit_AVS3_r3.mp4,4.336154530188274,PQ,AVS,3840,2160,10,3840,2160,10,avs_hdr_set2_pq,8.728802680969238,/mnt/bn/public-vqa1/wangjiayi/playground/hdr-vqa/outputs/ZJUHDR_WHU_ColorVideoVDP.csv
WHU,Sparks2_1000nit.mp4,Sparks2_1000nit_AlphaVC-P_r2.mp4,4.322367620043974,PQ,AlphaVC-P,3840,2160,10,3840,2160,10,avs_hdr_set2_pq,8.312346458435059,/mnt/bn/public-vqa1/wangjiayi/playground/hdr-vqa/outputs/ZJUHDR_WHU_ColorVideoVDP.csv
WHU,Sparks2_1000nit.mp4,Sparks2_1000nit_LTM_r4.mp4,2.000492388567324,PQ,LTM,3840,2160,10,3840,2160,10,avs_hdr_set2_pq,5.7244954109191895,/mnt/bn/public-vqa1/wangjiayi/playground/hdr-vqa/outputs/ZJUHDR_WHU_ColorVideoVDP.csv
WHU,Sparks2_1000nit.mp4,Sparks2_1000nit_NNVC_QP37.mp4,3.45564211667046,PQ,NNVC,3840,2160,10,3840,2160,10,avs_hdr_set2_pq,7.697444915771484,/mnt/bn/public-vqa1/wangjiayi/playground/hdr-vqa/outputs/ZJUHDR_WHU_ColorVideoVDP.csv
WHU,Sparks2_1000nit.mp4,Sparks2_1000nit_NNVC_r4.mp4,2.526780239533445,PQ,NNVC,3840,2160,10,3840,2160,10,avs_hdr_set2_pq,6.555659294128418,/mnt/bn/public-vqa1/wangjiayi/playground/hdr-vqa/outputs/ZJUHDR_WHU_ColorVideoVDP.csv
WHU,Sparks2_1000nit.mp4,Sparks2_1000nit_VTM_r4.mp4,2.147701308348624,PQ,VTM,3840,2160,10,3840,2160,10,avs_hdr_set2_pq,6.177017688751221,/mnt/bn/public-vqa1/wangjiayi/playground/hdr-vqa/outputs/ZJUHDR_WHU_ColorVideoVDP.csv
WHU,TeaStall.mp4,TeaStall_AVS3_QP44.mp4,4.529049111877463,HLG,AVS,3840,2160,10,3840,2160,10,avs_hdr_set2_hlg,9.024389266967772,/mnt/bn/public-vqa1/wangjiayi/hdr-vqa-outputs/zjuhdr_whu_hlg_cvvdp_rerun_eambient5/ZJUHDR_WHU_HLG_ColorVideoVDP.csv
WHU,TeaStall.mp4,TeaStall_AVS3_QP48.mp4,3.850463229006224,HLG,AVS,3840,2160,10,3840,2160,10,avs_hdr_set2_hlg,8.681983947753906,/mnt/bn/public-vqa1/wangjiayi/hdr-vqa-outputs/zjuhdr_whu_hlg_cvvdp_rerun_eambient5/ZJUHDR_WHU_HLG_ColorVideoVDP.csv
WHU,TeaStall.mp4,TeaStall_AlphaVC-P_QP1.mp4,4.538302700176888,HLG,AlphaVC-P,3840,2160,10,3840,2160,10,avs_hdr_set2_hlg,9.158909797668455,/mnt/bn/public-vqa1/wangjiayi/hdr-vqa-outputs/zjuhdr_whu_hlg_cvvdp_rerun_eambient5/ZJUHDR_WHU_HLG_ColorVideoVDP.csv
WHU,TeaStall.mp4,TeaStall_AlphaVC-P_QP3.mp4,3.919489290307159,HLG,AlphaVC-P,3840,2160,10,3840,2160,10,avs_hdr_set2_hlg,8.50082778930664,/mnt/bn/public-vqa1/wangjiayi/hdr-vqa-outputs/zjuhdr_whu_hlg_cvvdp_rerun_eambient5/ZJUHDR_WHU_HLG_ColorVideoVDP.csv
WHU,TeaStall.mp4,TeaStall_AlphaVC-P_QP4.mp4,3.189462112404891,HLG,AlphaVC-P,3840,2160,10,3840,2160,10,avs_hdr_set2_hlg,7.923625946044922,/mnt/bn/public-vqa1/wangjiayi/hdr-vqa-outputs/zjuhdr_whu_hlg_cvvdp_rerun_eambient5/ZJUHDR_WHU_HLG_ColorVideoVDP.csv
WHU,TeaStall.mp4,TeaStall_AlphaVC-P_QP5.mp4,2.371045635677014,HLG,AlphaVC-P,3840,2160,10,3840,2160,10,avs_hdr_set2_hlg,7.171319007873535,/mnt/bn/public-vqa1/wangjiayi/hdr-vqa-outputs/zjuhdr_whu_hlg_cvvdp_rerun_eambient5/ZJUHDR_WHU_HLG_ColorVideoVDP.csv
WHU,TeaStall.mp4,TeaStall_DCVC-RT_QP13.mp4,3.924572334629006,HLG,DCVC-RT,3840,2160,10,3840,2160,10,avs_hdr_set2_hlg,8.503487586975098,/mnt/bn/public-vqa1/wangjiayi/hdr-vqa-outputs/zjuhdr_whu_hlg_cvvdp_rerun_eambient5/ZJUHDR_WHU_HLG_ColorVideoVDP.csv
WHU,TeaStall.mp4,TeaStall_DCVC-RT_QP21.mp4,4.362684067420941,HLG,DCVC-RT,3840,2160,10,3840,2160,10,avs_hdr_set2_hlg,8.898484230041504,/mnt/bn/public-vqa1/wangjiayi/hdr-vqa-outputs/zjuhdr_whu_hlg_cvvdp_rerun_eambient5/ZJUHDR_WHU_HLG_ColorVideoVDP.csv
WHU,TeaStall.mp4,TeaStall_EEM_QP0.mp4,4.246522157592718,HLG,EEM,3840,2160,10,3840,2160,10,avs_hdr_set2_hlg,9.549899101257324,/mnt/bn/public-vqa1/wangjiayi/hdr-vqa-outputs/zjuhdr_whu_hlg_cvvdp_rerun_eambient5/ZJUHDR_WHU_HLG_ColorVideoVDP.csv
WHU,TeaStall.mp4,TeaStall_EEM_QP1.mp4,3.821929569920593,HLG,EEM,3840,2160,10,3840,2160,10,avs_hdr_set2_hlg,9.28115463256836,/mnt/bn/public-vqa1/wangjiayi/hdr-vqa-outputs/zjuhdr_whu_hlg_cvvdp_rerun_eambient5/ZJUHDR_WHU_HLG_ColorVideoVDP.csv
WHU,TeaStall.mp4,TeaStall_EEM_QP2.mp4,3.888339786928425,HLG,EEM,3840,2160,10,3840,2160,10,avs_hdr_set2_hlg,9.058818817138672,/mnt/bn/public-vqa1/wangjiayi/hdr-vqa-outputs/zjuhdr_whu_hlg_cvvdp_rerun_eambient5/ZJUHDR_WHU_HLG_ColorVideoVDP.csv
WHU,TeaStall.mp4,TeaStall_EEM_QP3.mp4,2.475649905234631,HLG,EEM,3840,2160,10,3840,2160,10,avs_hdr_set2_hlg,8.27498722076416,/mnt/bn/public-vqa1/wangjiayi/hdr-vqa-outputs/zjuhdr_whu_hlg_cvvdp_rerun_eambient5/ZJUHDR_WHU_HLG_ColorVideoVDP.csv
WHU,TeaStall.mp4,TeaStall_LTM_QP25_3180.mp4,4.07711537487229,HLG,LTM,3840,2160,10,3840,2160,10,avs_hdr_set2_hlg,9.371251106262209,/mnt/bn/public-vqa1/wangjiayi/hdr-vqa-outputs/zjuhdr_whu_hlg_cvvdp_rerun_eambient5/ZJUHDR_WHU_HLG_ColorVideoVDP.csv
WHU,TeaStall.mp4,TeaStall_LTM_QP38_4059.mp4,3.531458134174019,HLG,LTM,3840,2160,10,3840,2160,10,avs_hdr_set2_hlg,8.067668914794922,/mnt/bn/public-vqa1/wangjiayi/hdr-vqa-outputs/zjuhdr_whu_hlg_cvvdp_rerun_eambient5/ZJUHDR_WHU_HLG_ColorVideoVDP.csv
WHU,TeaStall.mp4,TeaStall_NNVC_QP42.mp4,4.262032031427641,HLG,NNVC,3840,2160,10,3840,2160,10,avs_hdr_set2_hlg,8.548898696899414,/mnt/bn/public-vqa1/wangjiayi/hdr-vqa-outputs/zjuhdr_whu_hlg_cvvdp_rerun_eambient5/ZJUHDR_WHU_HLG_ColorVideoVDP.csv
WHU,TeaStall.mp4,TeaStall_VTM_QP37.mp4,4.546792427002689,HLG,VTM,3840,2160,10,3840,2160,10,avs_hdr_set2_hlg,9.023680686950684,/mnt/bn/public-vqa1/wangjiayi/hdr-vqa-outputs/zjuhdr_whu_hlg_cvvdp_rerun_eambient5/ZJUHDR_WHU_HLG_ColorVideoVDP.csv
WHU,TeaStall.mp4,TeaStall_VTM_QP42.mp4,3.755722559944265,HLG,VTM,3840,2160,10,3840,2160,10,avs_hdr_set2_hlg,8.417258262634277,/mnt/bn/public-vqa1/wangjiayi/hdr-vqa-outputs/zjuhdr_whu_hlg_cvvdp_rerun_eambient5/ZJUHDR_WHU_HLG_ColorVideoVDP.csv
WHU,TeaStall.mp4,TeaStall_VTM_QP47.mp4,2.400915585318498,HLG,VTM,3840,2160,10,3840,2160,10,avs_hdr_set2_hlg,7.477513313293457,/mnt/bn/public-vqa1/wangjiayi/hdr-vqa-outputs/zjuhdr_whu_hlg_cvvdp_rerun_eambient5/ZJUHDR_WHU_HLG_ColorVideoVDP.csv
